timestamp_ms,acc_x_g,acc_y_g,acc_z_g,gyro_x_dps,gyro_y_dps,gyro_z_dps,label
2392900,1.0002,0.063,0.0987,4.9193,6.2442,12.5257,circular_motion
2392920,1.0292,0.0745,0.0572,7.3849,4.6259,13.5486,circular_motion
2392940,1.0717,0.0786,0.0718,8.0796,1.8625,10.2585,circular_motion
2392960,1.069,0.0938,0.1311,9.8735,-0.1069,5.1364,circular_motion
2392980,0.9946,0.0935,0.1656,13.2094,-0.9237,0.4723,circular_motion
2393000,0.9157,0.062,0.1656,20.6826,0.2595,5.9684,circular_motion
2393020,0.9831,0.0437,0.0784,26.53,1.1602,17.6249,circular_motion
2393040,1.1262,0.0425,0.0015,26.7437,1.4732,16.0295,circular_motion
2393060,1.1689,0.0642,-0.0024,23.9498,3.2747,1.6936,circular_motion
2393080,1.0314,0.074,0.0684,23.5376,4.6412,-8.8178,circular_motion
2393100,0.9138,0.051,0.1114,28.8888,1.3282,-5.3293,circular_motion
2393120,0.9311,0.0381,0.0821,34.7132,0.1908,4.1516,circular_motion
2393140,1.0368,0.0432,-0.0285,36.4002,5.519,8.4036,circular_motion
2393160,1.0732,0.053,-0.09,32.7666,6.3053,5.5181,circular_motion
2393180,1.0646,0.0569,-0.0715,29.3773,1.0839,1.2814,circular_motion
2393200,1.0778,0.0496,-0.0366,28.362,-2.7787,-1.0163,circular_motion
2393220,1.0256,0.0352,0.0047,31.2552,-9.0306,-3.8484,circular_motion
2393240,1.0009,0.0347,-0.0481,33.5452,-13.9237,-0.5888,circular_motion
2393260,1.0236,0.0347,-0.1171,32.2094,-11.6642,2.9455,circular_motion
2393280,1.0551,0.0317,-0.0983,30.0949,-7.8092,4.1135,circular_motion
2393300,1.1247,0.0217,-0.1088,29.4765,-3.4046,4.4799,circular_motion
2393320,1.1826,0.0078,-0.0754,31.5529,-1.3588,-1.5048,circular_motion
2393340,1.1379,0.009,-0.0988,33.4842,-1.0611,-10.6804,circular_motion
2393360,1.0463,0.0239,-0.1132,31.8964,-2.3588,-13.5048,circular_motion
2393380,0.9694,0.019,-0.0891,29.9422,-7.8016,-11.5583,circular_motion
2393400,0.9738,0.0103,-0.0866,30.5987,-12.7711,-5.9018,circular_motion
2393420,1.0131,0.0012,-0.1171,30.0185,-10.939,-4.7109,circular_motion
2393440,1.0227,-0.0034,-0.0879,30.0185,-9.7634,-4.8178,circular_motion
2393460,1.009,-0.0151,-0.1032,29.2017,-9.9695,-6.2148,circular_motion
2393480,0.9948,-0.0085,-0.1037,28.7361,-9.6947,-6.6651,circular_motion
2393500,1.0197,-0.0102,-0.1943,25.7132,-6.9924,-7.7567,circular_motion
2393520,1.0017,-0.012,-0.1818,21.2933,-5.397,-8.4056,circular_motion
2393540,1.0031,-0.0154,-0.1696,18.759,-8.2672,-6.5201,circular_motion
2393560,1.0388,-0.0076,-0.1977,15.2323,-10.1146,-7.3369,circular_motion
2393580,1.0358,-0.0115,-0.1501,12.362,-10.8932,-10.9094,circular_motion
2393600,1.0104,0.0049,-0.156,11.7361,-10.5878,-13.5201,circular_motion
2393620,0.9528,0.002,-0.1757,10.446,-7.5268,-13.8331,circular_motion
2393640,0.9143,0.0073,-0.1672,9.2475,-8.481,-10.0697,circular_motion
2393660,0.9265,0.0132,-0.1782,8.6979,-11.855,-6.1461,circular_motion
2393680,0.9538,0.0122,-0.2058,6.0185,-11.8932,-5.2835,circular_motion
2393700,0.9846,0.0068,-0.1679,4.4613,-9.0153,-6.2148,circular_motion
2393720,0.9711,0.0034,-0.1777,2.5071,-3.7863,-8.2071,circular_motion
2393740,0.9492,0.0007,-0.1879,-0.7219,3.5419,-6.7033,circular_motion
2393760,0.9208,0.0007,-0.1069,-2.7067,0.6412,-4.3598,circular_motion
2393780,0.9455,-0.0142,-0.0842,-0.6914,-5.4581,-1.1995,circular_motion
2393800,0.9504,-0.0056,-0.113,-0.3174,-5.2062,2.1822,circular_motion
2393820,1.0239,-0.0083,-0.1645,-1.4548,-2.2291,1.9837,circular_motion
2393840,1.0156,0.001,-0.1777,-4.8975,1.145,-3.3522,circular_motion
2393860,0.9738,-0.03,-0.1396,-6.4166,1.5954,-7.2453,circular_motion
2393880,0.9211,-0.0393,-0.1345,-8.6227,-1.5726,-8.0621,circular_motion
2393900,0.9003,-0.0464,-0.1342,-11.9051,-5.7863,-3.5506,circular_motion
2393920,0.9404,-0.0342,-0.1577,-16.0578,-5.9161,-1.3751,circular_motion
2393940,0.9685,-0.0366,-0.1018,-17.8517,-5.5497,-0.8713,circular_motion
2393960,1.0039,-0.031,-0.1211,-16.1952,-4.7024,-2.6041,circular_motion
2393980,0.9912,-0.0293,-0.1696,-16.2716,-1.3817,-6.5506,circular_motion
2394000,0.9416,-0.0395,-0.1565,-18.8593,5.3969,-5.4056,circular_motion
2394020,0.9182,-0.0574,-0.1171,-20.8517,7.2518,0.2738,circular_motion
2394040,0.9445,-0.0486,-0.049,-22.4395,2.1908,7.0219,circular_motion
2394060,1.0581,-0.0498,-0.0656,-21.9586,-5.6947,8.541,circular_motion
2394080,1.1047,-0.0598,-0.0947,-22.9586,-7.3741,0.6784,circular_motion
2394100,1.0783,-0.0561,-0.0732,-23.5158,-3.1069,-5.1232,circular_motion
2394120,1.0209,-0.041,-0.093,-23.1876,1.374,-8.6804,circular_motion
2394140,0.9729,-0.0425,-0.1096,-23.8135,4.0152,-7.9934,circular_motion
2394160,0.9189,-0.0415,-0.0983,-25.1876,0.2595,-6.5125,circular_motion
2394180,0.8842,-0.051,-0.0661,-26.3174,-5.939,-1.0774,circular_motion
2394200,0.9138,-0.0432,-0.0588,-26.7372,-10.8245,3.6402,circular_motion
2394220,0.9665,-0.0427,-0.0717,-27.1494,-8.9848,6.5486,circular_motion
2394240,1.0183,-0.0469,-0.04,-27.0044,-4.9314,3.3807,circular_motion
2394260,0.9826,-0.0366,-0.0297,-25.3632,-1.0688,-1.3827,circular_motion
2394280,0.9101,-0.03,-0.0463,-24.18,0.5877,-1.5506,circular_motion
2394300,0.8579,-0.0229,-0.0651,-23.409,-0.3588,3.2585,circular_motion
2394320,0.9172,-0.0273,-0.0827,-24.0884,-2.023,8.7547,circular_motion
2394340,0.9501,-0.0022,-0.0595,-24.8364,-3.4733,6.5715,circular_motion
2394360,0.9509,-0.0046,-0.0068,-23.1418,-1.5649,3.8692,circular_motion
2394380,0.8974,0.0098,-0.0263,-19.699,0.9312,4.0982,circular_motion
2394400,0.854,0.0154,-0.0754,-21.5006,6.3969,8.144,circular_motion
2394420,0.8635,0.0188,-0.0305,-20.9967,3.0839,16.1745,circular_motion
2394440,0.9772,0.0239,-0.0756,-20.0044,-0.3741,18.2967,circular_motion
2394460,1.0236,0.0349,-0.0586,-19.5998,-0.1451,15.8768,circular_motion
2394480,1.04,0.0295,-0.0778,-20.0578,2.7251,11.7394,circular_motion
2394500,1.0175,0.0349,-0.03,-20.867,5.7633,6.3349,circular_motion
2394520,0.9396,0.0293,0.0179,-19.6838,6.6106,4.8158,circular_motion
2394540,0.9191,0.0483,0.0125,-17.1418,7.0457,9.999,circular_motion
2394560,0.9653,0.0488,0.011,-14.1418,5.3511,14.8997,circular_motion
2394580,1.0407,0.051,0.0052,-13.409,5.0076,14.373,circular_motion
2394600,1.0559,0.0439,0.0389,-13.1265,4.206,7.228,circular_motion
2394620,0.9636,0.0588,0.0877,-12.4319,3.8931,1.4112,circular_motion
2394640,0.8598,0.0713,0.1477,-5.3479,2.6564,6.7929,circular_motion
2394660,0.8964,0.0627,0.0982,3.1101,2.8778,18.2814,circular_motion
2394680,1.0061,0.0498,0.0096,5.4613,5.7404,20.9532,circular_motion
2394700,1.0415,0.0537,0.011,5.1865,5.748,16.2585,circular_motion
2394720,1.0295,0.0562,0.0174,6.5147,3.6259,12.1593,circular_motion
2394740,0.9794,0.0537,0.137,8.8277,5.8549,8.3578,circular_motion
2394760,0.9887,0.093,0.0315,10.3086,9.7786,8.1975,circular_motion
2394780,0.9931,0.0764,0.0308,12.5147,7.5114,10.1898,circular_motion
2394800,1.0532,0.0671,0.0061,13.8048,3.916,8.77,circular_motion
2394820,1.0356,0.0615,0.0469,15.9269,3.6793,2.8616,circular_motion
2394840,0.9765,0.0571,0.0945,21.1178,7.1908,3.541,circular_motion
2394860,0.998,0.0579,0.0208,26.0872,12.8854,6.3196,circular_motion
2394880,1.0036,0.0532,-0.0075,27.4002,15.6183,7.9608,circular_motion
2394900,1.0117,0.0525,0.0218,28.53,11.8167,8.3578,circular_motion
2394920,1.0646,0.0291,-0.0127,30.988,7.7862,7.1287,circular_motion
2394940,1.0825,0.0339,-0.0351,32.133,7.0381,7.6631,circular_motion
2394960,1.1518,0.0247,-0.0654,32.3468,8.2366,3.8387,circular_motion
2394980,1.163,0.0383,-0.0957,30.6445,11.2595,-2.9094,circular_motion
2395000,1.111,0.0396,-0.0766,29.4384,11.5114,-9.3064,circular_motion
2395020,1.0859,0.0479,-0.0942,30.301,11.7786,-9.94,circular_motion
2395040,1.0971,0.0606,-0.1379,28.4384,14.1984,-11.9247,circular_motion
2395060,1.0515,0.0422,-0.1001,24.1559,13.5114,-13.8331,circular_motion
2395080,1.0119,0.0344,-0.0261,23.5834,5.1755,-14.3064,circular_motion
2395100,0.9885,0.022,0.0091,25.8735,1.2671,-10.6041,circular_motion
2395120,1.0283,0.0273,-0.0439,27.2704,3.1602,-9.169,circular_motion
2395140,1.0244,0.0437,-0.0442,29.446,2.4503,-9.9781,circular_motion
2395160,1.0007,0.0444,-0.1228,27.9727,3.4809,-10.0468,circular_motion
2395180,0.9636,0.0479,-0.1169,24.4842,3.1373,-6.0163,circular_motion
2395200,1.0061,0.0413,-0.1069,23.0872,-0.4581,-1.4667,circular_motion
2395220,1.0871,0.0464,-0.0717,21.9422,-3.5191,-1.8484,circular_motion
2395240,1.1225,0.0332,-0.0698,22.1407,-7.3741,-9.4514,circular_motion
2395260,1.0666,0.0317,-0.0883,19.7666,-6.4962,-13.5048,circular_motion
2395280,1.0236,0.0381,-0.0559,18.4613,-4.939,-12.4514,circular_motion
2395300,1.0046,0.0259,-0.0546,20.2552,-5.9008,-10.4132,circular_motion
2395320,0.9992,0.0305,-0.083,21.1483,-5.8169,-9.1232,circular_motion
2395340,0.9912,0.0298,-0.1247,20.7819,-9.5115,-8.627,circular_motion
2395360,0.999,0.0261,-0.1499,18.6063,-13.2367,-9.8025,circular_motion
2395380,1.0112,0.0195,-0.1914,14.1483,-11.1527,-11.1155,circular_motion
2395400,0.968,0.0181,-0.1425,11.8735,-9.4733,-13.0316,circular_motion
2395420,0.927,0.0127,-0.1911,10.3162,-7.7634,-11.9323,circular_motion
2395440,0.9113,0.0107,-0.1638,7.591,-7.2901,-8.5583,circular_motion
2395460,0.9489,-0.0137,-0.1696,6.3239,-10.313,-4.6957,circular_motion
2395480,0.9714,0.0085,-0.1931,4.0338,-11.9237,-1.8178,circular_motion
2395500,1.0319,0.0347,-0.1833,2.8658,-13.1298,-1.0392,circular_motion
2395520,1.0979,0.052,-0.2292,2.446,-9.8932,-3.2758,circular_motion
2395540,1.0515,0.0447,-0.1648,-2.9815,-5.5955,-6.8331,circular_motion
2395560,1.1044,0.0239,-0.1845,-2.5998,5.206,-6.4132,circular_motion
2395580,1.0671,-0.0146,-0.1753,-1.6685,14.1908,-3.8026,circular_motion
2395600,1.0549,-0.0288,-0.2063,-3.8899,9.6412,-2.5048,circular_motion
2395620,1.0187,-0.0225,-0.2832,-12.7601,-6.023,-2.1537,circular_motion
2395640,1.0825,-0.0642,-0.2832,-19.5235,-26.0993,-0.5354,circular_motion
2395660,1.1384,-0.0894,-0.1618,-20.8059,-30.2596,-1.856,circular_motion
2395680,1.1481,-0.1016,-0.1269,-17.7296,-15.9543,-7.7491,circular_motion
2395700,1.0437,-0.0664,-0.3186,-19.6609,4.7251,-11.085,circular_motion
2395720,0.9858,-0.0801,-0.25,-25.7677,8.3816,-7.7567,circular_motion
2395740,0.9938,-0.1079,-0.1435,-28.2105,1.3129,-10.4514,circular_motion
2395760,0.9953,-0.1194,-0.0429,-26.1036,-2.0077,-14.8484,circular_motion
2395780,0.9602,-0.0952,-0.0129,-19.8899,-1.2138,-15.3293,circular_motion
2395800,0.9226,-0.0864,-0.1433,-20.9357,0.6793,-14.0926,circular_motion
2395820,0.9423,-0.0898,-0.1748,-28.6914,1.5954,-10.94,circular_motion
2395840,0.9121,-0.0913,-0.0629,-36.4471,-0.2825,-12.3445,circular_motion
2395860,0.8522,-0.0881,0.0389,-37.1494,-12.0077,-9.688,circular_motion
2395880,0.8378,-0.0891,0.16,-31.4013,-22.397,-2.6804,circular_motion
2395900,0.9172,-0.0713,-0.0051,-28.8746,-26.8703,3.3883,circular_motion
2395920,0.9504,-0.0781,-0.0864,-39.5693,-19.6795,-0.0163,circular_motion
2395940,0.9052,-0.062,-0.0061,-45.1189,-9.0993,1.6249,circular_motion
2395960,0.9125,-0.0808,0.1189,-45.1876,1.6335,5.831,circular_motion
2395980,0.9304,-0.062,0.3116,-35.2029,2.4656,5.1822,circular_motion
2396000,0.9702,-0.0315,0.2413,-22.47,-2.023,-0.9018,circular_motion
2396020,0.9162,-0.0088,0.1309,-15.2029,-7.7634,-2.4361,circular_motion
2396040,0.8732,-0.0017,0.0735,-13.18,-10.1222,-3.8178,circular_motion
2396060,0.7766,0.0208,0.118,-11.5922,-11.313,-2.3064,circular_motion
2396080,0.7246,0.0273,0.127,-4.8746,-15.7482,7.3654,circular_motion
2396100,0.7636,0.0574,-0.1638,-8.4166,-13.3512,20.8845,circular_motion
2396120,0.8525,0.0508,-0.1836,-23.1494,-2.9695,30.6097,circular_motion
2396140,0.9602,0.0007,0.0684,-27.2945,1.6564,33.0448,circular_motion
2396160,1.0336,-0.0195,0.1861,-16.8059,-3.5955,28.5944,circular_motion
2396180,1.1159,-0.0225,0.1788,-3.0196,-6.8627,17.5715,circular_motion
2396200,1.0537,0.0227,0.0415,7.0262,-0.0459,8.0829,circular_motion
2396220,0.9404,0.0254,-0.1867,2.2933,7.2442,9.3807,circular_motion
2396240,0.9287,0.0103,-0.1574,-9.2258,7.6717,15.0448,circular_motion
2396260,1.0144,-0.0024,-0.0371,-13.9891,-0.1146,12.7089,circular_motion
2396280,0.9975,0.0125,-0.0136,-15.5311,-3.5191,4.1745,circular_motion
2396300,0.9829,0.0222,0.0205,-14.6761,1.5648,6.5562,circular_motion
2396320,0.9997,0.0125,0.0545,-11.7448,11.6412,7.7623,circular_motion
2396340,0.9687,0.0256,0.0845,-7.6532,14.3893,6.6326,circular_motion
2396360,0.9367,0.0317,0.0711,-5.8899,9.832,4.8692,circular_motion
2396380,0.8989,0.0701,-0.0036,-7.0196,6.7709,7.6631,circular_motion
2396400,0.8781,0.0681,0.0511,-8.3174,9.2213,16.1593,circular_motion
2396420,0.967,0.0518,0.1333,-1.6838,3.3816,24.8387,circular_motion
2396440,1.1162,0.0317,0.0779,4.3162,-4.1222,22.4723,circular_motion
2396460,1.1525,0.031,0.0205,5.6216,-2.1833,8.8005,circular_motion
2396480,1.0246,0.062,0.0159,1.8048,9.6183,0.3959,circular_motion
2396500,0.9011,0.0662,0.1248,3.0262,14.8625,4.7776,circular_motion
2396520,0.8767,0.0581,0.1365,9.0338,8.3053,12.7089,circular_motion
2396540,0.9365,0.0474,0.1451,15.3926,0.5038,19.9913,circular_motion
2396560,1.0815,0.0481,0.0506,19.0567,-0.3359,19.9455,circular_motion
2396580,1.1174,0.0596,0.0179,20.0872,3.4503,13.4188,circular_motion
2396600,1.0622,0.0647,-0.02,17.3926,8.0305,8.3883,circular_motion
2396620,1.0498,0.0601,-0.0097,16.1254,9.1831,4.9837,circular_motion
2396640,1.007,0.0747,0.0743,17.9804,7.4732,5.0829,circular_motion
2396660,1.0371,0.0652,0.0633,23.0949,0.4503,6.2433,circular_motion
2396680,1.05,0.074,0.0611,26.6521,-4.9924,3.2738,circular_motion
2396700,1.0773,0.064,0.0718,29.675,0.2442,-0.23,circular_motion
2396720,1.0471,0.096,-0.0676,27.1788,12.3282,-2.7491,circular_motion
2396740,0.9824,0.1143,-0.0034,27.4307,11.8931,2.1364,circular_motion
2396760,1.0627,0.1001,0.0879,32.8658,5.3358,6.8539,circular_motion
2396780,1.1516,0.0779,0.035,39.8124,-0.4428,-0.6651,circular_motion
2396800,1.0727,0.0911,-0.0825,39.0567,2.7557,-4.3216,circular_motion
2396820,1.0461,0.1072,-0.1377,33.5071,6.6106,-1.6651,circular_motion
2396840,1.0898,0.0884,-0.133,30.0872,5.5419,-1.6728,circular_motion
2396860,1.0734,0.0679,0.0035,32.2475,5.2366,-4.94,circular_motion
2396880,0.9787,0.0603,0.0476,36.1101,4.0686,-7.459,circular_motion
2396900,0.9548,0.0523,0.1614,42.7513,-2.8703,-1.5201,circular_motion
2396920,1.0605,0.0266,0.0083,48.5681,-4.4886,2.0219,circular_motion
2396940,1.1337,0.0308,-0.1198,47.53,-0.1604,-1.8713,circular_motion
2396960,1.0163,0.0237,-0.0744,46.217,0.2366,-3.5583,circular_motion
2396980,0.9626,0.0234,-0.0481,47.4842,-7.794,4.8539,circular_motion
2397000,1.135,0.0002,-0.0864,51.1559,-14.0382,7.5944,circular_motion
2397020,1.2419,-0.0017,-0.1799,53.9498,-10.5115,-0.1613,circular_motion
2397040,1.2211,0.0249,-0.2649,51.6979,-5.4199,-10.4972,circular_motion
2397060,1.1481,0.0134,-0.2556,42.591,-4.9543,-18.8636,circular_motion
2397080,1.1137,-0.0154,-0.1318,43.2017,-12.0611,-21.4667,circular_motion
2397100,1.0578,0.0022,-0.1342,48.1025,-16.1756,-20.7796,circular_motion
2397120,1.0407,0.0037,-0.1594,50.3086,-20.3512,-21.001,circular_motion
2397140,1.0187,0.0049,-0.186,50.1101,-26.6413,-23.9171,circular_motion
2397160,1.0095,0.0166,-0.2873,46.0491,-31.313,-26.1537,circular_motion
2397180,0.9816,-0.0032,-0.2763,40.5758,-25.2596,-28.398,circular_motion
2397200,0.8664,0.0078,-0.2424,40.0872,-23.0306,-27.6499,circular_motion
2397220,0.7727,-0.0056,-0.1301,44.5147,-22.5191,-16.6957,circular_motion
2397240,0.8444,0.0081,-0.3376,46.3162,-20.7787,-4.7873,circular_motion
2397260,0.9333,-0.011,-0.4704,30.1407,-13.6795,-0.2606,circular_motion
2397280,0.9541,-0.0129,-0.3051,19.82,-22.5497,-4.2377,circular_motion
2397300,0.9213,-0.0161,-0.1821,21.7819,-36.023,-4.8255,circular_motion
2397320,1.0122,-0.0373,-0.2299,27.5376,-39.168,-4.9858,circular_motion
2397340,1.0478,-0.05,-0.3266,27.7284,-29.6795,-11.8178,circular_motion
2397360,1.0185,-0.0515,-0.4436,21.6063,-14.542,-17.8789,circular_motion
2397380,0.9045,-0.0525,-0.4462,10.0567,-5.2825,-19.169,circular_motion
2397400,0.8254,-0.0608,-0.3161,3.9956,-6.0688,-13.1384,circular_motion
2397420,0.9172,-0.0828,-0.2382,6.5987,-7.4657,-6.8789,circular_motion
2397440,1.0175,-0.0708,-0.3518,7.2933,-5.168,-9.7186,circular_motion
2397460,0.9816,-0.0693,-0.479,-1.8975,0.3511,-15.3903,circular_motion
2397480,0.9035,-0.0852,-0.4084,-12.8517,0.9389,-15.94,circular_motion
2397500,0.8818,-0.0986,-0.2873,-16.5769,-9.4657,-14.1155,circular_motion
2397520,0.8967,-0.0874,-0.1528,-12.5464,-18.6718,-8.0926,circular_motion
2397540,0.9936,-0.0698,-0.3535,-12.1112,-12.9772,-7.2377,circular_motion
2397560,1.0239,-0.0884,-0.4709,-23.7906,12.3129,-9.2377,circular_motion
2397580,0.9511,-0.0857,-0.3369,-31.8746,34.8091,-12.2453,circular_motion
2397600,0.8337,-0.0774,-0.2609,-35.1342,34.2976,-11.9476,circular_motion
2397620,0.7873,-0.063,-0.1081,-31.8059,19.7404,-3.5812,circular_motion
2397640,0.9138,-0.0881,0.0052,-22.3174,10.9236,-0.1232,circular_motion
2397660,0.9831,-0.0991,-0.1728,-20.0502,17.9236,-2.0621,circular_motion
2397680,0.9694,-0.0593,-0.3747,-29.928,32.9007,-6.6193,circular_motion
2397700,0.8732,-0.0515,-0.2734,-42.1189,36.687,-0.9934,circular_motion
2397720,0.8967,-0.0977,-0.0634,-46.7448,19.9312,1.7242,circular_motion
2397740,0.9223,-0.1062,0.053,-38.783,6.7633,4.1975,circular_motion
2397760,0.9658,-0.0732,0.0191,-31.1876,3.0992,3.7623,circular_motion
2397780,0.9428,-0.0757,-0.2307,-36.1189,6.8396,7.5181,circular_motion
2397800,0.9821,-0.0984,-0.0568,-45.2639,10.8854,14.228,circular_motion
2397820,1.0788,-0.1211,0.011,-45.7296,16.1144,7.1058,circular_motion
2397840,0.9999,-0.1267,0.0525,-46.1571,20.2366,2.0295,circular_motion
2397860,0.9885,-0.1077,0.1463,-40.8212,17.977,2.8387,circular_motion
2397880,1.0056,-0.0998,0.1517,-33.3708,9.29,-0.0545,circular_motion
2397900,0.9143,-0.0749,-0.0158,-34.2563,7.6335,0.9532,circular_motion
2397920,0.8732,-0.0674,0.0096,-40.2563,8.9465,9.6784,circular_motion
2397940,0.9157,-0.0901,0.1614,-37.9051,7.2518,15.3807,circular_motion
2397960,0.9763,-0.0696,0.1924,-29.0731,2.4809,16.4417,circular_motion
2397980,1.0524,-0.0671,0.1495,-20.7143,2.8778,11.5486,circular_motion
2398000,0.9763,-0.0679,0.0904,-15.699,4.4351,3.373,circular_motion
2398020,0.8615,-0.0649,0.0733,-14.8822,0.1984,3.6784,circular_motion
2398040,0.7856,-0.0295,-0.1218,-22.7906,2.0839,13.5104,circular_motion
2398060,0.8691,-0.031,-0.0698,-31.1265,4.4274,25.9532,circular_motion
2398080,0.9648,-0.0361,0.0193,-34.1113,0.1679,24.8005,circular_motion
2398100,0.9794,-0.0361,0.096,-32.7067,-5.7329,19.4952,circular_motion
2398120,0.9956,-0.0317,0.1829,-24.783,-7.5497,15.8921,circular_motion
2398140,1.0151,-0.0278,0.0332,-20.9128,-1.0077,13.0677,circular_motion
2398160,0.9912,-0.0093,-0.0437,-26.2181,7.5954,14.1364,circular_motion
2398180,1.0437,-0.0151,-0.0124,-30.7448,11.4045,12.1516,circular_motion
2398200,1.0244,0.002,0.1123,-30.4242,9.6106,4.5486,circular_motion
2398220,0.9736,-0.0046,0.1822,-24.6761,7.145,-1.0087,circular_motion
2398240,0.9277,0.0273,0.1553,-19.325,10.2671,-0.4132,circular_motion
2398260,0.906,0.0488,0.063,-18.6914,13.0228,2.8921,circular_motion
2398280,0.882,0.0598,0.0743,-21.8212,10.8778,6.1669,circular_motion
2398300,0.8679,0.0579,0.1353,-21.0425,1.7633,9.2814,circular_motion
2398320,0.8657,0.041,0.1397,-18.6914,-3.0611,14.1516,circular_motion
2398340,0.937,0.0339,0.1892,-14.3937,-4.8856,19.5715,circular_motion
2398360,0.998,0.0635,0.1714,-7.9815,-6.4428,17.77,circular_motion
2398380,1.0734,0.0505,0.1001,-3.8212,1.977,13.0753,circular_motion
2398400,1.0549,0.0127,0.0374,-5.9204,17.0686,2.9532,circular_motion
2398420,0.8876,0.0508,0.1438,-6.0273,22.8244,0.7776,circular_motion
2398440,0.8115,0.0725,0.2166,0.7361,11.4351,11.0448,circular_motion
2398460,0.8933,0.0627,0.1612,7.362,-3.626,21.6478,circular_motion
2398480,1.072,0.0618,0.0591,8.7284,-2.7253,21.9608,circular_motion
2398500,1.1652,0.0476,0.0606,5.8658,8.0686,11.0142,circular_motion
2398520,1.0356,0.053,0.1412,7.1407,14.4885,0.4265,circular_motion
2398540,0.8925,0.0696,0.1939,12.5987,4.6106,7.144,circular_motion
2398560,1.0161,0.0679,0.1748,19.7208,0.29,16.312,circular_motion
2398580,1.164,0.0569,0.0862,22.4536,2.0839,12.9226,circular_motion
2398600,1.1513,0.0501,0.0547,20.6521,10.4503,4.3349,circular_motion
2398620,1.0429,0.083,0.1045,19.301,9.6259,1.4875,circular_motion
2398640,0.9726,0.095,0.1861,22.1788,-8.5878,5.5104,circular_motion
2398660,1.0756,0.074,0.1631,28.2933,-21.0077,8.144,circular_motion
2398680,1.1601,0.0911,0.0406,30.9422,-6.939,4.4188,circular_motion
2398700,1.0732,0.0444,0.2984,32.8277,3.9541,0.8234,circular_motion
2398720,1.0456,0.0713,0.0547,31.1101,3.2976,-8.1613,circular_motion
2398740,0.915,0.0698,0.1424,34.5223,-15.855,-4.4514,circular_motion
2398760,0.957,0.0547,0.1314,42.0949,-19.2062,0.8692,circular_motion
2398780,0.9621,0.0508,0.0889,49.1101,-9.5039,1.9074,circular_motion
2398800,0.9106,0.054,0.0162,53.9498,1.3205,10.9761,circular_motion
2398820,0.9638,0.0418,-0.0598,53.9727,4.6641,19.3959,circular_motion
2398840,1.0971,0.0422,-0.1223,50.904,-4.2367,20.7547,circular_motion
2398860,1.1948,-0.0198,-0.103,47.4536,-12.481,9.0906,circular_motion
2398880,1.1533,-0.0354,0.0447,52.3926,-14.1909,-1.1155,circular_motion
2398900,1.0507,-0.0286,-0.073,55.3697,-7.0535,1.4341,circular_motion
2398920,1.1469,-0.0408,-0.1101,56.1025,-1.2062,3.602,circular_motion
2398940,1.2106,-0.0454,-0.1662,54.8811,6.916,-5.1384,circular_motion
2398960,1.0798,-0.0442,-0.1865,49.3239,1.5114,-14.3293,circular_motion
2398980,0.9631,-0.0447,-0.1045,45.1025,-13.313,-13.4896,circular_motion
2399000,1.0576,-0.0613,-0.0434,50.4842,-16.1833,-3.1995,circular_motion
2399020,1.1955,-0.0706,-0.1472,52.988,-8.4352,-9.7338,circular_motion
2399040,1.0852,-0.0735,-0.1762,51.0567,-6.0382,-21.0392,circular_motion
2399060,0.9223,-0.0549,-0.26,41.7666,-12.5649,-17.3598,circular_motion
2399080,1.0114,-0.0561,-0.2187,34.5147,-18.8398,-9.1384,circular_motion
2399100,1.1105,-0.0842,-0.186,30.4613,-16.8703,-12.7949,circular_motion
2399120,1.0786,-0.1121,-0.0793,33.4613,-10.794,-17.8942,circular_motion
2399140,1.0168,-0.0928,-0.1098,39.1636,-9.8856,-18.169,circular_motion
2399160,1.0283,-0.074,-0.2326,36.8277,-10.7405,-16.9705,circular_motion
2399180,1.0476,-0.0691,-0.3327,26.7895,-10.9314,-17.5659,circular_motion
2399200,0.9711,-0.0964,-0.2995,14.5223,-13.8703,-19.7338,circular_motion
2399220,0.9201,-0.0867,-0.1933,9.0262,-21.3512,-13.3445,circular_motion
2399240,1.0058,-0.0984,-0.1333,10.3773,-25.3207,-5.23,circular_motion
2399260,1.144,-0.0964,-0.1574,14.7437,-19.5802,-7.4667,circular_motion
2399280,1.0954,-0.0918,-0.2351,13.217,-14.3817,-16.0468,circular_motion
2399300,0.989,-0.0693,-0.2531,6.8353,-15.9466,-13.8407,circular_motion
2399320,1.0153,-0.0737,-0.2238,2.1636,-20.9543,-9.3598,circular_motion
2399340,1.1149,-0.0764,-0.2214,-1.0425,-20.2978,-9.3903,circular_motion
2399360,1.132,-0.0759,-0.2021,-4.1952,-13.5268,-15.0316,circular_motion
2399380,1.0832,-0.0723,-0.1879,-4.928,-8.8703,-18.9934,circular_motion
2399400,1.0124,-0.0537,-0.2597,-8.1036,-6.4886,-19.7033,circular_motion
2399420,0.9374,-0.0481,-0.2822,-15.096,-7.7787,-17.0468,circular_motion
2399440,0.8872,-0.0642,-0.2351,-19.4166,-6.3588,-10.5583,circular_motion
2399460,0.989,-0.0671,-0.1994,-20.4624,1.3969,-3.6957,circular_motion
2399480,1.1022,-0.0757,-0.1882,-21.3479,5.4809,-11.7109,circular_motion
2399500,0.9853,-0.0715,-0.2317,-24.0196,5.0839,-23.0926,circular_motion
2399520,0.8269,-0.0625,-0.2104,-27.7754,2.7099,-19.94,circular_motion
2399540,0.8232,-0.0706,-0.1801,-29.2105,-1.1604,-9.4896,circular_motion
2399560,0.9355,-0.0657,-0.1948,-32.8364,-2.3436,-8.8178,circular_motion
2399580,0.8999,-0.0579,-0.1335,-35.3403,-4.0306,-11.7949,circular_motion
2399600,0.8417,-0.0688,-0.1001,-35.5387,-7.8474,-8.1461,circular_motion
2399620,0.8937,-0.0439,-0.2141,-37.0196,-10.397,-8.1079,circular_motion
2399640,0.9174,-0.0688,-0.2512,-42.554,-11.5039,-6.5125,circular_motion
2399660,0.8869,-0.0972,-0.2202,-53.3326,-6.0459,-7.9247,circular_motion
2399680,0.7836,-0.0886,-0.0258,-55.8975,-0.1909,0.77,circular_motion
2399700,0.8527,-0.0806,0.0296,-48.5006,-3.5955,9.1058,circular_motion
2399720,1.0163,-0.082,-0.0612,-44.4929,-3.1604,7.0448,circular_motion
2399740,0.9902,-0.0735,-0.1132,-47.8822,4.4198,-1.3445,circular_motion
2399760,0.9511,-0.0891,-0.0688,-51.3021,6.4045,-5.9934,circular_motion
2399780,0.8637,-0.0764,-0.0066,-51.1647,4.1526,-6.5201,circular_motion
2399800,0.8095,-0.0764,0.0347,-50.0883,-2.7634,-1.1079,circular_motion
2399820,0.8154,-0.054,0.0508,-47.4548,-6.3283,5.6326,circular_motion
2399840,0.8615,-0.0466,0.0354,-43.6838,-4.2749,11.3043,circular_motion
2399860,0.9074,-0.0295,-0.0312,-43.867,0.9236,12.8539,circular_motion
2399880,0.9079,-0.0305,-0.0124,-47.1952,6.4045,12.1975,circular_motion
2399900,0.8776,-0.0102,0.0608,-45.6303,8.0076,13.7165,circular_motion
2399920,0.8366,-0.0037,0.1184,-41.3097,5.5267,16.686,circular_motion
2399940,0.8461,0.0139,0.1145,-34.5616,5.2976,25.1211,circular_motion
2399960,0.9374,0.0156,0.0247,-32.1265,7.1755,31.7547,circular_motion
2399980,1.0146,-0.0054,0.0047,-33.8288,2.5572,30.0066,circular_motion
2400000,1.0527,-0.0193,0.0677,-34.3326,-0.6871,24.0982,circular_motion
2400020,1.0207,-0.0002,0.1307,-31.638,0.2747,18.5715,circular_motion
2400040,0.9926,0.019,0.1753,-24.7525,4.8625,16.7394,circular_motion
2400060,0.9846,-0.0039,0.0896,-21.4853,10.8015,19.4417,circular_motion
2400080,0.976,-0.0166,0.1006,-21.4242,10.7251,19.2738,circular_motion
2400100,0.9777,0.0266,0.1521,-21.1494,5.8091,17.6173,circular_motion
2400120,0.9079,0.04,0.2496,-15.7372,2.7709,14.1135,circular_motion
2400140,0.8332,0.0217,0.2727,-5.1952,4.1984,22.8234,circular_motion
2400160,0.9018,0.0215,0.1687,3.4155,4.0915,35.8463,circular_motion
2400180,1.0473,0.0134,0.0354,4.9422,0.145,38.4112,circular_motion
2400200,1.1767,0.0198,0.0325,4.4231,-1.5344,30.4646,circular_motion
2400220,1.2019,0.0461,0.0074,3.3697,1.2289,16.8158,circular_motion
2400240,1.1186,0.0537,0.1031,6.6292,5.0228,6.0677,circular_motion
2400260,0.9907,0.0398,0.1412,15.0643,11.2442,6.7471,circular_motion
2400280,0.9853,0.03,0.0479,20.072,13.0534,12.7623,circular_motion
2400300,1.0461,0.0352,-0.0578,17.4307,6.1602,11.1746,circular_motion
2400320,0.9863,0.0486,-0.0471,11.7513,-0.4123,10.7623,circular_motion
2400340,0.9934,0.0498,0.0157,10.6445,-5.6565,16.2585,circular_motion
2400360,1.0061,0.0193,0.1504,14.4613,-14.0611,18.6249,circular_motion
2400380,1.2106,0.0056,0.1155,22.5147,-11.0001,13.2891,circular_motion
2400400,1.236,0.0418,-0.0324,24.8658,5.4045,-1.9018,circular_motion
2400420,1.01,0.0591,-0.0363,22.3468,10.1755,-13.7033,circular_motion
2400440,0.811,0.0508,0.0474,22.2246,2.3664,-8.1766,circular_motion
2400460,0.8188,0.0481,0.1407,28.6216,-5.8627,7.1593,circular_motion
2400480,0.9531,0.0288,0.0845,37.8582,-9.0001,16.3578,circular_motion
2400500,1.0825,0.0418,-0.0522,39.5223,-8.0535,15.2585,circular_motion
2400520,1.0898,0.0371,-0.1057,35.7132,-11.3512,5.1058,circular_motion
2400540,0.988,0.032,-0.0693,33.2628,-16.6489,0.999,circular_motion
2400560,1.0493,0.019,-0.1306,33.2017,-15.1604,4.2127,circular_motion
2400580,1.0541,0.0015,-0.0398,38.301,-13.542,7.8463,circular_motion
2400600,1.186,-0.0076,-0.0444,43.3391,-1.0917,1.3196,circular_motion
2400620,1.0988,-0.0027,-0.0525,46.133,6.8931,-7.3598,circular_motion
2400640,1.0183,0.0054,-0.1157,47.4078,3.2289,-9.1003,circular_motion
2400660,0.9858,-0.0034,-0.0986,47.0033,-3.7024,-4.5277,circular_motion
2400680,1.0422,-0.0022,-0.1775,45.1788,-6.5726,-2.2987,circular_motion
2400700,0.9934,-0.0173,-0.1533,43.8429,-9.7634,1.0142,circular_motion
2400720,1.017,-0.01,-0.0722,46.2628,-15.1985,6.2433,circular_motion
2400740,1.1813,-0.0349,-0.1223,50.8048,-13.0688,3.1822,circular_motion
2400760,1.1943,-0.0366,-0.2277,48.7284,-1.4962,-7.4743,circular_motion
2400780,1.0483,-0.04,-0.2143,45.3926,0.9999,-13.3216,circular_motion
2400800,0.9633,-0.0466,-0.1552,44.7437,-8.7558,-8.9018,circular_motion
2400820,1.0385,-0.0493,-0.1814,45.4918,-20.8703,-3.7186,circular_motion
2400840,1.1503,-0.0432,-0.2233,43.8048,-19.5955,-6.1995,circular_motion
2400860,1.1789,-0.0549,-0.2717,39.0872,-15.8779,-18.3751,circular_motion
2400880,1.0424,-0.062,-0.2458,35.1865,-16.4123,-25.4743,circular_motion
2400900,0.9499,-0.0574,-0.2744,32.3162,-17.8779,-23.4514,circular_motion
2400920,0.9221,-0.04,-0.2653,29.9804,-16.794,-17.001,circular_motion
2400940,0.989,-0.0527,-0.2966,27.8277,-15.8779,-14.0316,circular_motion
2400960,0.9909,-0.0583,-0.3166,22.5376,-14.4581,-18.2529,circular_motion
2400980,0.9289,-0.0808,-0.3025,17.3773,-14.7558,-16.3216,circular_motion
2401000,0.9436,-0.0859,-0.2483,16.904,-18.5191,-11.7262,circular_motion
2401020,0.9536,-0.0908,-0.2478,20.1407,-19.8474,-9.772,circular_motion
2401040,0.9667,-0.0901,-0.3535,19.5071,-17.1604,-7.6651,circular_motion
2401060,0.9807,-0.0852,-0.4528,11.3849,-15.6642,-7.9552,circular_motion
2401080,0.9973,-0.0928,-0.3901,3.1178,-16.1909,-7.6804,circular_motion
2401100,1.0817,-0.106,-0.2981,0.4002,-13.8169,-9.1003,circular_motion
2401120,1.0747,-0.105,-0.2451,1.1101,-11.2978,-17.2453,circular_motion
2401140,0.9641,-0.0942,-0.2922,1.4384,-11.8169,-17.4056,circular_motion
2401160,0.9677,-0.0857,-0.4448,-6.6532,-9.5726,-10.9629,circular_motion
2401180,1.0346,-0.0886,-0.4257,-18.3784,-4.0535,-11.1995,circular_motion
2401200,0.9946,-0.1111,-0.2854,-24.18,-0.6336,-14.0545,circular_motion
2401220,0.9555,-0.1106,-0.1982,-21.7296,1.1297,-11.3903,circular_motion
2401240,1.0529,-0.1206,-0.1574,-17.2563,3.206,-11.5125,circular_motion
2401260,1.0734,-0.1138,-0.2153,-14.1494,7.3358,-20.9323,circular_motion
2401280,0.8583,-0.0679,-0.2285,-17.8441,13.0152,-22.5583,circular_motion
2401300,0.8273,-0.073,-0.2524,-21.8822,10.7175,-15.2911,circular_motion
2401320,0.7905,-0.1204,-0.1167,-21.096,13.9007,1.373,circular_motion
2401340,1.027,-0.1401,-0.2253,-19.9128,15.916,6.0219,circular_motion
2401360,1.0166,-0.134,-0.2775,-25.7372,20.8778,1.5181,circular_motion
2401380,0.9753,-0.1411,-0.2424,-33.3784,16.7404,1.5562,circular_motion
2401400,0.7702,-0.156,0.0179,-35.7601,14.9541,4.4723,circular_motion
2401420,1.0102,-0.157,-0.0796,-31.8517,14.3053,1.06,circular_motion
2401440,1.018,-0.1645,-0.1091,-28.2639,15.4122,-3.4743,circular_motion
2401460,0.9045,-0.1709,-0.0688,-28.9967,6.4503,-3.772,circular_motion
2401480,0.9399,-0.1792,-0.0378,-28.4548,-6.0459,-2.8636,circular_motion
2401500,0.9194,-0.1948,-0.009,-27.638,-8.481,-5.2071,circular_motion
2401520,0.8261,-0.1765,0.0286,-23.9357,-8.168,-4.2453,circular_motion
2401540,0.7299,-0.1489,-0.059,-23.9357,-10.2978,4.0295,circular_motion
2401560,0.8361,-0.1306,-0.2275,-30.7143,-6.168,12.0448,circular_motion
2401580,0.8671,-0.1067,-0.4135,-50.7372,8.3205,14.4646,circular_motion
2401600,0.893,-0.1394,-0.1987,-68.9662,16.4732,14.9913,circular_motion
2401620,0.8959,-0.1689,0.096,-67.6761,9.5725,11.2433,circular_motion
2401640,0.9284,-0.1404,0.1641,-54.3555,3.7709,9.3654,circular_motion
2401660,0.9746,-0.1267,0.1766,-40.3097,6.2518,6.2662,circular_motion
2401680,0.9394,-0.0876,0.0979,-30.2639,3.7099,1.2509,circular_motion
2401700,0.8549,-0.0415,-0.0156,-29.9891,-0.0611,0.0066,circular_motion
2401720,0.8562,-0.0332,-0.0066,-35.554,1.519,4.9303,circular_motion
2401740,0.9099,-0.0154,0.0408,-38.2181,7.603,5.6707,circular_motion
2401760,0.893,-0.0256,0.1907,-34.1723,7.603,4.8463,circular_motion
2401780,0.893,-0.0156,0.3416,-21.4242,1.8931,5.7089,circular_motion
2401800,0.9392,0.0098,0.3299,-6.6151,0.9923,5.9684,circular_motion
2401820,0.9606,-0.0017,0.3299,6.2246,3.1755,4.6402,circular_motion
2401840,1.0253,-0.0347,0.3194,17.904,12.7633,-0.23,circular_motion
2401860,1.0119,-0.0261,0.17,25.2475,30.4961,-9.4743,circular_motion
2401880,0.8864,0.0176,0.0918,17.9575,43.2671,-10.2071,circular_motion
2401900,0.716,0.0444,0.2051,14.4536,28.3969,-2.543,circular_motion
2401920,0.716,0.0254,0.2434,16.4384,2.3816,15.2433,circular_motion
2401940,0.8742,0.0186,0.1421,17.6063,-12.2443,28.7394,circular_motion
2401960,1.0126,0.031,0.0481,16.1178,-15.7558,31.77,circular_motion
2401980,1.1921,0.0335,0.0166,13.362,-1.2138,29.8387,circular_motion
2402000,1.2961,0.0352,0.0501,14.5529,11.8473,15.4341,circular_motion
2402020,1.238,0.0503,0.0027,16.0567,15.9083,-5.3369,circular_motion
2402040,1.0666,0.0962,-0.0737,10.82,19.5954,-18.9858,circular_motion
2402060,0.8879,0.1665,-0.123,0.7437,26.4351,-17.5277,circular_motion
2402080,0.6928,0.1907,-0.0173,-8.2639,15.7709,-5.9552,circular_motion
2402100,0.6418,0.1899,0.2366,-4.7372,-13.9924,17.1516,circular_motion
2402120,1.0236,0.1765,0.2461,8.0185,-18.1604,33.6631,circular_motion
2402140,1.2668,0.1631,0.1407,12.7971,2.7938,19.7623,circular_motion
2402160,1.0473,0.2275,0.1121,16.2704,10.3129,2.3196,circular_motion
2402180,0.7851,0.2568,0.1499,19.1178,-1.4886,13.0066,circular_motion
2402200,1.069,0.1877,0.1419,25.9116,-0.6184,27.5791,circular_motion
2402220,1.1369,0.1694,0.1451,30.8888,2.5267,15.1746,circular_motion
2402240,0.9641,0.178,0.1382,36.3315,-8.4886,11.6478,circular_motion
2402260,0.9558,0.1641,0.0652,40.217,-13.4428,19.8158,circular_motion
2402280,1.2568,0.1064,-0.0449,45.2323,-3.9314,17.915,circular_motion
2402300,1.2753,0.0952,-0.1591,40.6368,16.1755,-3.7644,circular_motion
2402320,1.018,0.1101,-0.1335,37.6216,21.4274,-14.4743,circular_motion
2402340,0.8354,0.0842,0.1131,44.7971,7.3282,-1.4285,circular_motion
2402360,1.0339,0.0837,-0.0185,56.3391,2.3893,13.4799,circular_motion
2402380,1.1979,0.0845,-0.2841,48.675,10.4885,7.1669,circular_motion
2402400,1.1062,0.084,-0.3188,32.8964,14.9999,-2.5125,circular_motion
2402420,0.9843,-0.0225,-0.0742,32.5834,3.2824,-2.1079,circular_motion
2402440,1.0415,-0.0015,-0.0429,43.7513,-11.939,6.3959,circular_motion
2402460,1.1625,-0.0864,-0.1123,50.4689,-16.2596,7.8616,circular_motion
2402480,1.0759,-0.001,-0.3054,47.3315,-19.9466,7.8692,circular_motion
2402500,1.281,-0.0854,-0.3798,33.1254,-10.5726,1.2509,circular_motion
2402520,1.3208,-0.0671,-0.3259,25.2094,5.29,-8.4896,circular_motion
2402540,1.3164,-0.1367,-0.1408,26.6216,14.1984,-29.1232,circular_motion
2402560,1.08,-0.125,-0.1394,34.2704,15.916,-38.6804,circular_motion
2402580,0.9277,-0.0791,-0.3068,28.7361,11.1908,-28.9858,circular_motion
2402600,0.9643,-0.0415,-0.3164,20.82,-6.3512,-18.7415,circular_motion
2402620,1.0888,-0.0681,-0.238,15.9346,-23.4504,-21.688,circular_motion
2402640,1.0791,-0.1284,-0.1665,17.7513,-29.9695,-29.3598,circular_motion
2402660,0.9636,-0.0322,-0.3078,15.4078,-21.023,-29.0163,circular_motion
2402680,0.9753,-0.0373,-0.2385,12.072,-3.2214,-20.8636,circular_motion
2402700,0.9758,-0.0222,-0.2116,9.9804,6.4809,-17.6346,circular_motion
2402720,0.8771,0.0352,-0.3813,-1.7448,-3.481,-17.4056,circular_motion
2402740,0.9189,-0.0161,-0.2373,-9.8899,-18.4733,-5.4514,circular_motion
2402760,1.1909,-0.0286,-0.0712,-4.9891,-20.6795,-2.5888,circular_motion
2402780,1.3139,-0.0339,-0.163,9.5147,-8.4886,-18.6804,circular_motion
2402800,1.1372,-0.0298,-0.4267,9.2704,8.4351,-30.7491,circular_motion
2402820,0.9436,-0.0449,-0.5363,-4.0044,0.3664,-29.2071,circular_motion
2402840,0.8649,-0.0811,-0.4939,-22.0502,-21.8779,-23.856,circular_motion
2402860,0.9116,-0.1189,-0.3105,-35.8364,-40.4199,-21.4361,circular_motion
2402880,0.9316,-0.1387,-0.1391,-35.3937,-31.1909,-18.4667,circular_motion
2402900,0.9724,-0.1641,-0.1106,-28.3632,-0.0382,-14.8331,circular_motion
2402920,0.9592,-0.1482,-0.2942,-31.4166,23.29,-12.7796,circular_motion
2402940,0.9714,-0.1433,-0.341,-46.8135,22.687,-14.0087,circular_motion
2402960,1.0117,-0.1514,-0.2241,-59.6074,10.0534,-18.0621,circular_motion
2402980,0.9816,-0.1736,0.0281,-60.18,-5.7634,-21.1613,circular_motion
2403000,0.8596,-0.1465,0.097,-52.7906,-13.0764,-18.6957,circular_motion
2403020,0.76,-0.103,0.0293,-48.6761,-18.4886,-2.8484,circular_motion
2403040,0.9484,-0.1123,-0.0175,-47.3861,-15.0382,8.7471,circular_motion
2403060,1.1301,-0.1406,-0.093,-46.2334,3.5572,7.0066,circular_motion
2403080,1.2819,-0.1836,-0.3711,-47.1418,9.4198,-0.6041,circular_motion
2403100,0.9038,-0.1086,0.1861,-46.1723,-1.9543,-7.459,circular_motion
2403120,0.8361,-0.0859,0.1224,-45.2181,-12.5726,3.3807,circular_motion
2403140,0.9304,-0.0713,0.0574,-45.9662,-18.6031,9.5104,circular_motion
2403160,0.9313,-0.0718,0.0901,-45.3708,-24.794,11.2433,circular_motion
2403180,0.9702,-0.1003,0.2195,-37.8746,-19.855,10.8158,circular_motion
2403200,0.9555,-0.0581,0.1089,-29.3174,0.145,12.1516,circular_motion
2403220,0.8337,-0.0337,-0.0202,-30.4319,10.7251,17.144,circular_motion
2403240,0.8708,-0.0317,-0.0495,-38.7983,4.7786,26.0829,circular_motion
2403260,0.9821,-0.0229,0.0611,-42.325,-11.481,22.4875,circular_motion
2403280,0.988,-0.0215,0.1021,-37.0273,-17.9085,17.0677,circular_motion
2403300,0.9343,-0.0015,0.0491,-32.5235,-12.1069,17.3807,circular_motion
2403320,0.9423,0.0042,-0.0588,-33.1952,-2.2978,22.2356,circular_motion
2403340,0.9926,-0.0085,-0.0676,-40.241,2.5496,18.7776,circular_motion
2403360,0.9912,0.0188,0.0674,-39.2258,4.8549,12.6631,circular_motion
2403380,0.926,0.0061,0.1377,-34.638,7.1984,10.3807,circular_motion
2403400,0.8276,0.0154,0.1148,-29.8975,8.0686,14.8768,circular_motion
2403420,0.8552,0.021,0.0677,-29.5464,7.6641,25.0295,circular_motion
2403440,0.9699,0.0115,0.0899,-29.3097,2.916,25.2051,circular_motion
2403460,1.0068,0.0222,0.1263,-25.783,0.8091,20.1516,circular_motion
2403480,1.01,0.0266,0.1123,-21.1571,7.8778,14.8081,circular_motion
2403500,0.9631,0.0322,0.0833,-21.0884,16.8778,12.7623,circular_motion
2403520,0.9702,0.0569,0.1094,-21.096,17.9618,12.0982,circular_motion
2403540,0.9267,0.0847,0.1514,-18.9891,14.3129,12.0677,circular_motion
2403560,0.9414,0.0645,0.2127,-13.6609,12.4427,16.3807,circular_motion
2403580,1.0441,0.0457,0.2098,-7.5998,11.1755,14.5791,circular_motion
2403600,0.9821,0.0613,0.1731,-5.0044,6.7404,5.5868,circular_motion
2403620,0.8627,0.1301,0.1697,-5.0883,-1.5039,11.0906,circular_motion
2403640,0.9831,0.1189,0.212,0.6216,-9.8321,22.1364,circular_motion
2403660,1.177,0.0781,0.2232,7.7895,-3.8932,21.2967,circular_motion
2403680,1.2651,0.0669,0.1409,12.5987,9.29,8.915,circular_motion
2403700,1.112,0.0986,0.0982,12.1101,10.8396,-1.1308,circular_motion
2403720,1.0544,0.0908,0.1524,10.988,2.9999,-2.2758,circular_motion
2403740,1.0341,0.0889,0.2005,17.072,6.7862,2.4494,circular_motion
2403760,1.0488,0.0962,0.034,20.6292,11.4885,1.8234,circular_motion
2403780,0.8977,0.0808,0.0259,15.3391,-2.8169,1.8921,circular_motion
2403800,0.989,0.0855,0.1704,19.8353,-14.1146,10.7242,circular_motion
2403820,1.1813,0.0801,-0.0195,25.0949,-5.0764,5.5181,circular_motion
2403840,1.1972,0.0833,-0.1474,19.6063,10.1068,-4.8865,circular_motion
2403860,1.0781,0.1045,-0.0739,14.5987,19.7862,-15.001,circular_motion
2403880,0.8598,0.1174,0.0413,16.988,16.3664,-7.5125,circular_motion
2403900,0.9348,0.1243,0.0205,22.5758,6.3435,7.9455,circular_motion
2403920,1.1123,0.126,-0.167,23.2017,4.3893,14.2204,circular_motion
2403940,1.2172,0.0874,-0.2387,15.3773,6.9541,4.5028,circular_motion
2403960,1.1577,0.0874,-0.0705,11.9193,9.6793,-5.3522,circular_motion
2403980,1.1276,0.0889,0.0901,21.5452,8.7786,-6.8484,circular_motion
2404000,1.0888,0.1074,-0.0212,29.8124,11.9541,-5.6117,circular_motion
2404020,1.1367,0.0857,-0.1101,30.9956,11.2595,-7.0163,circular_motion
2404040,1.0781,0.0752,-0.0866,26.3391,3.4503,-15.3598,circular_motion
2404060,1.0153,0.0781,-0.0676,24.6826,-3.7558,-13.7796,circular_motion
2404080,0.9855,0.0664,-0.0109,24.0338,-4.0764,-5.9781,circular_motion
2404100,1.1289,0.0664,-0.039,28.0643,-0.6718,-0.0468,circular_motion
2404120,1.187,0.0979,-0.1399,27.9116,1.7862,-9.2682,circular_motion
2404140,1.0861,0.0806,-0.132,24.4842,-4.5115,-16.4132,circular_motion
2404160,1.0412,0.074,-0.198,21.9346,-13.5191,-16.0239,circular_motion
2404180,1.0158,0.053,-0.1103,22.1941,-10.9237,-10.9858,circular_motion
2404200,1.0642,0.0513,-0.1987,21.3544,-7.4352,-10.2835,circular_motion
2404220,1.0336,0.0369,-0.2099,17.4002,-11.0993,-13.4667,circular_motion
2404240,1.019,0.0037,-0.1855,14.7055,-16.3894,-15.772,circular_motion
2404260,0.9956,0.001,-0.1455,16.8506,-11.6871,-14.5506,circular_motion
2404280,0.9709,0.0161,-0.2317,16.133,-3.2901,-10.5048,circular_motion
2404300,0.9174,0.0125,-0.2934,10.0414,-10.2443,-9.2606,circular_motion
2404320,0.9567,0.0024,-0.3151,0.5987,-17.3665,-5.2758,circular_motion
2404340,1.0664,-0.0144,-0.2421,-5.1418,-18.3894,-8.8025,circular_motion
2404360,1.0695,-0.0415,-0.1364,-5.9662,-11.5726,-16.1842,circular_motion
2404380,1.0034,-0.0391,-0.0976,-1.4777,3.4809,-18.5964,circular_motion
2404400,0.8469,-0.0454,-0.227,-3.8899,10.1221,-14.3064,circular_motion
2404420,0.7607,-0.0481,-0.2382,-15.2868,-7.1604,-2.5888,circular_motion
2404440,0.8879,-0.0679,-0.1154,-23.5769,-30.397,5.6555,circular_motion
2404460,1.0563,-0.1013,-0.0041,-22.5769,-28.7253,5.3883,circular_motion
2404480,1.1308,-0.1189,0.013,-16.7983,-6.5497,-1.8713,circular_motion
2404500,1.0092,-0.105,-0.0424,-17.0196,12.4427,-7.5354,circular_motion
2404520,0.85,-0.0915,-0.083,-20.2487,12.7709,-5.7186,circular_motion
2404540,0.8017,-0.0845,-0.0522,-26.3097,1.7404,5.2356,circular_motion
2404560,0.9467,-0.0969,0.045,-28.9357,-12.7253,11.6631,circular_motion
2404580,1.0874,-0.0959,0.0762,-26.3861,-17.0611,6.6631,circular_motion
2404600,1.0739,-0.0867,0.0498,-24.783,-8.3512,-3.1308,circular_motion
2404620,1.0114,-0.0745,0.0376,-22.9662,2.6183,-6.2911,circular_motion
2404640,0.8896,-0.0449,-0.0012,-26.1647,0.1984,-7.94,circular_motion
2404660,0.7658,-0.0151,0.0137,-31.1876,-10.9237,-0.5812,circular_motion
2404680,0.8068,0.0005,0.0913,-31.3479,-19.8092,10.1975,circular_motion
2404700,0.9511,-0.0154,0.1143,-26.1876,-13.7482,15.2738,circular_motion
2404720,1.0883,-0.0002,0.0791,-20.7677,4.3511,10.3501,circular_motion
2404740,1.0385,0.0156,0.0603,-18.2105,16.519,-1.1232,circular_motion
2404760,0.8791,0.0476,0.0662,-16.9204,14.2289,-2.8636,circular_motion
2404780,0.819,0.061,0.0371,-17.8212,6.5648,3.7013,circular_motion
2404800,0.853,0.0625,0.0762,-17.4929,2.0152,9.7623,circular_motion
2404820,0.9057,0.072,0.1141,-14.2105,2.9694,15.5562,circular_motion
2404840,1.0085,0.0786,0.1092,-9.2716,8.4885,16.9303,circular_motion
2404860,1.06,0.1001,0.0686,-6.3784,14.2289,12.7852,circular_motion
2404880,1.0192,0.1064,0.0096,-6.325,13.6259,7.0295,circular_motion
2404900,0.9597,0.0969,0.0303,-8.8593,7.7862,6.5562,circular_motion
2404920,0.9621,0.0964,0.0721,-9.5311,5.7404,11.0829,circular_motion
2404940,0.9753,0.0947,0.1416,-6.9586,3.9847,11.8081,circular_motion
2404960,1.0253,0.0896,0.1565,-1.3708,3.8015,9.4646,circular_motion
2404980,1.0307,0.0967,0.1504,3.8735,8.0457,6.9761,circular_motion
2405000,0.9821,0.106,0.1707,8.6445,11.2289,7.6097,circular_motion
2405020,0.9719,0.0989,0.1451,13.0567,5.2442,11.602,circular_motion
2405040,1.048,0.1084,0.0774,14.4078,-2.542,13.7471,circular_motion
2405060,1.1455,0.0991,0.0789,14.0414,-0.7863,10.4036,circular_motion
2405080,1.184,0.1013,0.1365,17.9193,8.0076,4.1745,circular_motion
2405100,1.1091,0.1267,0.1487,23.8964,8.977,-4.8713,circular_motion
2405120,0.9675,0.1335,0.1055,28.8353,5.0763,-5.1003,circular_motion
2405140,0.923,0.1343,0.0999,31.82,0.061,1.6402,circular_motion
2405160,0.9804,0.1245,0.0725,35.8658,-4.2596,10.6707,circular_motion
2405180,1.1079,0.1077,0.0108,40.4384,-5.2978,11.9455,circular_motion
2405200,1.2199,0.0898,0.0164,44.7742,1.9465,6.5333,circular_motion
2405220,1.1989,0.0835,-0.0266,49.6139,5.7938,-2.8331,circular_motion
2405240,1.0729,0.0945,-0.0976,48.1407,2.2137,-6.5964,circular_motion
2405260,1.0781,0.0945,-0.1528,44.0262,-3.5268,-7.3445,circular_motion
2405280,1.0808,0.0801,-0.1765,40.3391,-8.6642,-9.8713,circular_motion
2405300,1.0363,0.0798,-0.1555,37.0185,-14.481,-11.4896,circular_motion
2405320,1.0327,0.0745,-0.1574,36.4078,-16.7024,-10.4896,circular_motion
2405340,1.1081,0.0674,-0.2246,33.4307,-10.9314,-11.2529,circular_motion
2405360,1.0937,0.0337,-0.1904,30.5376,-2.6489,-16.5812,circular_motion
2405380,0.9614,0.0427,-0.1904,30.7513,-0.5649,-16.94,circular_motion
2405400,0.926,0.0432,-0.2385,29.1865,-5.5497,-8.3064,circular_motion
2405420,1.0036,0.0335,-0.2707,24.2399,-13.7024,-4.6957,circular_motion
2405440,1.0488,0.0151,-0.2495,18.6292,-20.1146,-5.688,circular_motion
2405460,1.0097,0.0195,-0.25,12.8735,-24.3283,-5.2911,circular_motion
2405480,1.1008,0.0181,-0.1953,10.3468,-25.6489,-3.8102,circular_motion
2405500,1.1125,0.0342,-0.1933,12.0949,-24.4428,-8.0087,circular_motion
2405520,1.0742,0.0313,-0.2363,11.2323,-20.6718,-7.4743,circular_motion
2405540,1.0517,0.03,-0.2324,7.6979,-24.3436,-6.0163,circular_motion
2405560,1.0361,0.0476,-0.1694,8.0949,-31.7787,-5.1919,circular_motion
2405580,1.112,0.0369,-0.3459,5.8048,-24.5802,-7.1232,circular_motion
2405600,1.02,0.0464,-0.3147,2.4765,-15.3512,-7.4438,circular_motion
2405620,0.9008,0.0364,-0.1501,1.53,-14.6565,-3.1232,circular_motion
2405640,0.8999,0.0242,-0.2104,3.0949,-11.5191,3.3425,circular_motion
2405660,0.8593,0.0034,-0.2695,3.5529,-9.0306,9.3807,circular_motion
2405680,0.8405,0.0093,-0.4475,-2.4548,-13.0306,18.8005,circular_motion
2405700,0.9519,-0.0115,-0.5566,-19.7754,-14.7024,25.5791,circular_motion
2405720,1.0236,-0.0234,-0.4477,-32.9357,-4.4581,18.4494,circular_motion
2405740,1.0715,-0.062,-0.0485,-27.8975,6.5267,10.7089,circular_motion
2405760,0.958,-0.1125,0.0996,-10.8288,16.687,8.6555,circular_motion
2405780,1.1027,-0.1055,-0.0598,3.5681,28.2366,2.2891,circular_motion
2405800,1.0837,-0.1062,-0.3237,2.3391,33.0076,-15.3445,circular_motion
2405820,0.8718,-0.0791,-0.4526,-16.0425,28.7328,-24.1995,circular_motion
2405840,0.6652,-0.0996,-0.3806,-37.9662,19.3969,-19.0621,circular_motion
2405860,0.6147,-0.1433,-0.1318,-48.4013,11.3893,2.1974,circular_motion
2405880,0.8291,-0.1636,0.1766,-38.783,4.687,16.9226,circular_motion
2405900,1.0075,-0.1589,0.1482,-20.3479,2.1755,9.3959,circular_motion
2405920,0.9421,-0.1663,-0.0666,-16.4319,6.0457,-1.5048,circular_motion
2405940,0.7912,-0.1638,-0.1616,-25.18,4.3053,-2.4285,circular_motion
2405960,0.7387,-0.1714,-0.0852,-34.3021,1.8702,4.0066,circular_motion
2405980,0.7111,-0.1706,0.0481,-35.1952,-4.2978,11.8005,circular_motion
2406000,0.7097,-0.1833,0.2334,-26.1952,-9.1146,22.9226,circular_motion
2406020,0.9333,-0.1882,0.0591,-17.5769,-10.2978,30.7242,circular_motion
2406040,1.0561,-0.1663,-0.1169,-24.1494,-1.1756,18.6707,circular_motion
2406060,0.9975,-0.1838,-0.0337,-33.1265,11.8091,6.1745,circular_motion
2406080,0.8308,-0.1777,0.208,-30.4548,13.7938,4.6173,circular_motion
2406100,0.7729,-0.135,0.1934,-16.5158,3.4809,17.312,circular_motion
2406120,0.9082,-0.1226,-0.0244,-17.7219,-3.3512,22.9379,circular_motion
2406140,0.9909,-0.1167,-0.0559,-24.5616,-3.1527,22.4341,circular_motion
2406160,1.0261,-0.1252,0.0193,-29.8135,6.3435,18.5562,circular_motion
2406180,0.9584,-0.0955,0.0738,-28.7143,8.8549,17.4799,circular_motion
2406200,0.9658,-0.1023,0.0076,-29.5998,6.2366,19.8616,circular_motion
2406220,1.0043,-0.0906,-0.0698,-35.0883,5.0839,18.06,circular_motion
2406240,1.031,-0.0903,-0.0197,-42.4929,11.6641,15.8234,circular_motion
2406260,0.9963,-0.0395,0.1375,-45.6303,15.8167,14.6402,circular_motion
2406280,0.9999,-0.052,0.2703,-42.7754,7.9236,12.5562,circular_motion
2406300,0.9343,-0.0679,0.4056,-29.7754,2.5877,17.4723,circular_motion
2406320,1.0493,-0.0732,0.3619,-13.1265,4.519,28.0448,circular_motion
2406340,1.1713,-0.0381,0.2273,-3.1036,4.9083,21.3807,circular_motion
2406360,1.1467,-0.0171,0.1028,-1.5235,6.5419,7.1364,circular_motion
2406380,0.9531,0.0166,0.0813,-5.325,5.29,0.0219,circular_motion
2406400,0.7644,0.0313,0.1761,-7.4471,-8.9237,7.6326,circular_motion
2406420,0.8747,-0.0178,0.2801,0.6521,-16.0993,18.0295,circular_motion
2406440,0.979,-0.029,0.2388,10.4536,-2.0535,19.4341,circular_motion
2406460,0.9653,-0.0066,0.1404,15.988,14.7099,14.5028,circular_motion
2406480,0.9174,0.0283,0.116,17.4613,17.5954,13.7929,circular_motion
2406500,0.9099,0.0403,0.1121,18.8506,5.0839,13.6936,circular_motion
2406520,0.9377,0.0198,0.1136,22.6063,-3.3512,15.5562,circular_motion
2406540,1.0734,0.0066,0.138,28.9116,0.9694,20.5944,circular_motion
2406560,1.2197,0.0156,0.0267,32.1788,9.8625,9.7852,circular_motion
2406580,1.0712,0.062,-0.0254,29.1254,6.1602,-4.5812,circular_motion
2406600,0.8862,0.0911,0.0201,25.1788,-10.5726,-5.5506,circular_motion
2406620,0.9318,0.0667,0.1243,29.2933,-13.9314,5.2051,circular_motion
2406640,1.1416,0.0317,0.1526,40.4689,3.1602,9.4341,circular_motion
2406660,1.2614,0.0227,0.0079,49.217,21.1221,1.1822,circular_motion
2406680,1.1528,0.0471,-0.1101,46.5681,21.1297,-13.7033,circular_motion
2406700,0.9968,0.051,-0.0153,41.8735,11.0686,-14.3369,circular_motion
2406720,1.0285,0.0728,-0.1633,38.7819,19.3664,-7.0087,circular_motion
2406740,1.0236,0.0327,-0.0136,39.3239,22.0381,0.5791,circular_motion
2406760,1.0078,0.0261,-0.0085,39.6063,18.8015,4.4112,circular_motion
2406780,0.9829,0.041,0.012,40.8658,-4.7405,7.0371,circular_motion
2406800,1.0637,0.0122,0.0354,46.301,-19.481,13.0829,circular_motion
2406820,1.2817,-0.0364,-0.0671,53.9651,-11.9772,11.3043,circular_motion
2406840,1.2624,-0.0288,-0.1452,53.8658,-2.9314,-1.7109,circular_motion
2406860,1.0676,-0.0215,-0.1408,51.072,-8.4504,-8.0697,circular_motion
2406880,1.0378,-0.0684,-0.1457,49.904,-12.7329,-1.7949,circular_motion
2406900,1.1643,-0.0774,-0.2404,47.0567,-10.0459,2.77,circular_motion
2406920,1.1625,-0.0845,-0.249,41.7361,-8.7405,-3.8865,circular_motion
2406940,1.0339,-0.1025,-0.1853,38.2017,-21.0459,-8.1461,circular_motion
2406960,1.0832,-0.1309,-0.1447,41.446,-28.1909,-3.627,circular_motion
2406980,1.2126,-0.1406,-0.25,44.591,-19.4046,-5.169,circular_motion
2407000,1.2136,-0.1135,-0.3593,41.2475,-3.8398,-15.1995,circular_motion
2407020,1.1213,-0.1389,-0.4162,30.53,2.206,-23.4514,circular_motion
2407040,0.9792,-0.1291,-0.2292,20.0414,-6.4428,-23.543,circular_motion
2407060,0.9951,-0.1069,-0.1359,18.133,-20.1298,-17.9781,circular_motion
2407080,1.0388,-0.1186,-0.1667,17.2475,-26.7558,-17.6728,circular_motion
2407100,1.0588,-0.1277,-0.2019,11.3773,-21.8245,-17.085,circular_motion
2407120,1.1044,-0.166,-0.1518,10.2704,-17.0459,-18.2224,circular_motion
2407140,1.0815,-0.1448,-0.1347,12.9269,-13.1375,-25.0926,circular_motion
2407160,0.9821,-0.1169,-0.1877,14.4765,-11.4581,-26.7262,circular_motion
2407180,0.9516,-0.1191,-0.2834,11.8124,-10.2901,-24.1155,circular_motion
2407200,0.9746,-0.1326,-0.3552,2.3468,-6.3207,-20.7109,circular_motion
2407220,1.0231,-0.1519,-0.2622,-3.1494,5.4732,-19.0774,circular_motion
2407240,1.0256,-0.1597,-0.1543,-4.3021,15.5343,-16.1537,circular_motion
2407260,1.02,-0.1477,-0.2077,-6.1113,5.206,-19.4285,circular_motion
2407280,0.9692,-0.1533,-0.2404,-13.7448,-13.9772,-21.4285,circular_motion
2407300,0.9621,-0.177,-0.2375,-21.8746,-18.6642,-18.1155,circular_motion
2407320,1.0175,-0.1853,-0.1875,-28.699,-8.2672,-13.2606,circular_motion
2407340,1.0893,-0.1863,-0.1193,-32.2181,6.1526,-17.1842,circular_motion
2407360,1.0209,-0.1858,-0.0044,-30.5998,9.5648,-24.5735,circular_motion
2407380,0.8896,-0.1699,0.0308,-24.638,1.9847,-25.8942,circular_motion
2407400,0.6806,-0.1113,0.1744,-23.3479,-13.1604,-20.0697,circular_motion
2407420,0.7792,-0.1641,-0.0329,-31.7143,-13.1985,-8.9171,circular_motion
2407440,1.0058,-0.1582,-0.1518,-41.8822,9.2747,-14.3827,circular_motion
2407460,0.893,-0.1614,-0.0737,-45.3021,8.5114,-16.8484,circular_motion
2407480,0.8425,-0.144,0.1153,-39.1189,-6.9924,-11.9934,circular_motion
2407500,0.9216,-0.1497,0.1199,-26.9051,-9.9314,-6.8789,circular_motion
2407520,0.9533,-0.1106,-0.1513,-27.0273,-0.1756,-6.9094,circular_motion
2407540,0.8579,-0.1055,-0.2629,-39.928,10.687,-5.5354,circular_motion
2407560,0.6926,-0.0832,-0.1923,-53.2181,1.6564,-0.2987,circular_motion
2407580,0.8566,-0.1143,0.1011,-52.2334,-19.9085,4.8234,circular_motion
2407600,1.0036,-0.0957,0.178,-38.6914,-22.0611,2.1364,circular_motion
2407620,0.9589,-0.0854,0.1211,-24.4013,-9.1833,-1.9858,circular_motion
2407640,0.8771,-0.0593,-0.0317,-18.9204,7.0457,-1.7567,circular_motion
2407660,0.905,-0.0456,-0.1816,-24.1418,14.4961,3.0524,circular_motion
2407680,0.9438,-0.0249,-0.1479,-33.3479,21.7251,2.6784,circular_motion
2407700,0.9484,-0.0164,0.0118,-36.6761,21.748,-0.7186,circular_motion
2407720,0.767,-0.0164,0.1336,-32.0425,5.5419,-1.5125,circular_motion
2407740,0.8308,-0.0151,0.003,-30.0273,-11.0917,6.9913,circular_motion
2407760,0.9401,-0.0154,0.0035,-30.2639,-15.8856,8.8081,circular_motion
2407780,0.9777,-0.0176,0.0098,-30.1494,-5.7482,6.6707,circular_motion
2407800,0.9211,-0.0347,0.1111,-26.5311,2.603,2.9761,circular_motion
2407820,0.8334,-0.0293,0.1587,-21.0731,4.458,5.8768,circular_motion
2407840,0.8127,-0.0164,0.1294,-14.4319,4.4351,12.1593,circular_motion
2407860,0.8972,-0.0146,-0.0185,-18.7296,0.687,16.2051,circular_motion
2407880,0.9125,-0.0422,0.0083,-27.9204,-6.6489,11.9379,circular_motion
2407900,0.9038,-0.0786,0.1748,-30.7219,-4.8627,9.7776,circular_motion
2407920,0.9291,-0.0703,0.3016,-20.0349,10.0839,14.2967,circular_motion
2407940,0.9843,-0.0171,0.1482,-12.2639,22.7557,18.6097,circular_motion
2407960,1.038,0.0161,-0.0158,-17.6532,22.2366,14.7013,circular_motion
2407980,1.0131,0.0171,0.014,-27.2639,20.6793,9.831,circular_motion
2408000,0.9611,0.0393,0.1509,-30.325,21.4656,11.0829,circular_motion
2408020,0.9609,0.0676,0.2246,-26.1952,20.7328,20.8768,circular_motion
2408040,1.0415,0.0637,0.2347,-20.2639,16.6488,26.6478,circular_motion
2408060,1.0927,0.062,0.2117,-17.2029,8.8091,26.7776,circular_motion
2408080,1.1401,0.0732,0.1736,-19.0425,1.9694,21.5639,circular_motion
2408100,0.9931,0.115,0.2427,-21.6609,-11.9237,16.373,circular_motion
2408120,0.9863,0.1021,0.4266,-12.783,-21.7405,24.8692,circular_motion
2408140,1.1584,0.0928,0.4248,5.7742,-5.4504,30.312,circular_motion
2408160,1.1723,0.1121,0.2413,14.8735,3.3435,22.4036,circular_motion
2408180,0.9123,0.2251,0.0633,13.8353,-16.2978,18.9532,circular_motion
2408200,1.0729,0.1516,0.0852,17.7666,-29.3359,23.2204,circular_motion
2408220,1.2099,0.1218,0.1573,21.3086,-10.084,19.7776,circular_motion
2408240,1.1726,0.1504,0.1153,24.8429,15.4427,5.8921,circular_motion
2408260,0.9267,0.1306,0.128,24.1025,13.748,-0.3522,circular_motion
2408280,0.7507,0.1687,0.1741,29.6216,-6.7787,8.7394,circular_motion
2408300,0.9807,0.1003,0.1853,43.7284,-15.3894,19.6555,circular_motion
2408320,1.0734,0.0908,0.0467,50.5681,-7.0917,20.8845,circular_motion
2408340,1.0917,0.0789,-0.1042,47.5376,-0.6795,16.0982,circular_motion
2408360,1.1142,0.0625,-0.03,41.6979,3.5114,15.7547,circular_motion
2408380,1.215,0.0398,0.0999,46.0491,12.9847,7.6249,circular_motion
2408400,1.1623,0.001,0.1055,54.8506,25.2137,0.9761,circular_motion
2408420,1.092,-0.012,0.0713,62.7513,23.7328,-2.3293,circular_motion
2408440,1.0195,0.0061,-0.0747,63.1407,12.6641,3.1287,circular_motion
2408460,1.1628,-0.0012,-0.1152,59.7284,6.3435,3.8463,circular_motion
2408480,1.1782,-0.031,-0.1506,58.0567,10.1602,-1.1003,circular_motion
2408500,1.1462,-0.0754,-0.1152,56.9727,15.0839,-5.1613,circular_motion
2408520,1.0581,-0.0613,-0.1086,59.133,10.3969,-7.1232,circular_motion
2408540,1.02,-0.0671,-0.2021,57.8048,-0.397,-0.5125,circular_motion
2408560,1.112,-0.0923,-0.2258,53.0491,-12.0917,-1.3598,circular_motion
2408580,1.1108,-0.1152,-0.1994,50.5223,-16.3588,-1.5735,circular_motion
2408600,1.1706,-0.1245,-0.226,47.9727,-10.2138,0.9684,circular_motion
2408620,1.2365,-0.1077,-0.2878,43.2017,-5.8779,-3.4132,circular_motion
2408640,1.226,-0.115,-0.2492,37.5605,-9.4581,-15.0316,circular_motion
2408660,1.1032,-0.1099,-0.2295,31.8506,-16.0153,-23.2682,circular_motion
2408680,1.0163,-0.1284,-0.227,23.8277,-22.4046,-20.5812,circular_motion
2408700,1.0561,-0.1565,-0.1982,19.0033,-23.5649,-16.4132,circular_motion
2408720,1.0549,-0.1055,-0.1533,15.3849,-27.3283,-16.1537,circular_motion
2408740,1.0292,-0.1077,-0.1272,13.9346,-30.4733,-14.8331,circular_motion
2408760,0.9997,-0.1099,-0.133,11.4842,-41.0535,-11.8025,circular_motion
2408780,1.0419,-0.0994,-0.1442,12.8048,-44.7024,-7.7949,circular_motion
2408800,1.1254,-0.1055,-0.2138,11.3239,-30.9848,-6.6575,circular_motion
2408820,1.1547,-0.1047,-0.2844,7.4002,-18.1604,-14.0468,circular_motion
2408840,1.0302,-0.0998,-0.3444,-3.3403,-22.2825,-22.7338,circular_motion
2408860,0.915,-0.1186,-0.2397,-13.5922,-33.5878,-22.4056,circular_motion
2408880,0.9799,-0.137,-0.1286,-12.4624,-34.7863,-17.8102,circular_motion
2408900,1.1625,-0.1667,-0.1494,-6.3479,-8.8856,-22.3216,circular_motion
2408920,1.1,-0.144,-0.279,-2.4929,32.3435,-34.8941,circular_motion
2408940,0.8374,-0.1365,-0.3835,-12.4013,33.7404,-43.4743,circular_motion
2408960,0.6208,-0.0967,-0.278,-25.9967,-6.9314,-35.9018,circular_motion
2408980,0.6118,-0.1196,-0.1777,-35.9815,-46.8474,-20.6041,circular_motion
2409000,0.7905,-0.1489,-0.0986,-34.3326,-50.0917,-3.5506,circular_motion
2409020,0.9177,-0.1448,-0.2094,-33.3708,-28.8932,-1.3598,circular_motion
2409040,0.7863,-0.1289,-0.1943,-38.6456,-19.9161,-5.085,circular_motion
2409060,0.7504,-0.1533,-0.132,-39.2639,-18.3359,4.8997,circular_motion
2409080,0.9287,-0.1809,-0.3652,-33.7448,-6.6642,13.9913,circular_motion
2409100,0.7551,-0.1399,0.0196,-27.3479,1.8549,19.4188,circular_motion
2409120,0.7805,-0.1343,0.2842,-21.4929,-6.6184,20.7852,circular_motion
2409140,0.9948,-0.2239,-0.0964,-30.5311,-3.0535,5.4188,circular_motion
2409160,0.9484,-0.1748,-0.2004,-41.241,-0.7482,-3.3598,circular_motion
2409180,0.7783,-0.1599,0.0711,-38.4471,-18.7024,0.3578,circular_motion
2409200,0.7797,-0.1746,0.0374,-29.3479,-30.3741,7.9761,circular_motion
2409220,0.854,-0.1758,-0.1091,-28.6303,-16.3359,23.9532,circular_motion
2409240,1.102,-0.1658,-0.2194,-34.2029,7.2747,25.2204,circular_motion
2409260,1.1054,-0.1831,-0.009,-35.9967,13.3282,9.3807,circular_motion
2409280,1.0322,-0.1719,0.1182,-25.1189,6.6564,0.4112,circular_motion
2409300,0.9199,-0.1218,-0.1892,-27.7754,4.7251,2.9455,circular_motion
2409320,0.9636,-0.1255,-0.1555,-36.4013,8.2442,8.1822,circular_motion
2409340,1.052,-0.1362,-0.0136,-38.3097,15.5496,5.0295,circular_motion
2409360,0.9858,-0.1299,0.087,-33.5922,13.8625,-2.1537,circular_motion
2409380,0.7939,-0.0474,-0.0744,-33.7219,10.5572,1.1669,circular_motion
2409400,0.8669,-0.0459,-0.1318,-40.9433,8.7557,8.8081,circular_motion
2409420,0.9074,-0.0666,-0.0266,-48.5464,11.6717,12.6402,circular_motion
2409440,0.9167,-0.0574,0.1524,-44.7143,15.2518,13.4341,circular_motion
2409460,0.8579,-0.0515,0.1975,-34.5998,13.5419,16.7623,circular_motion
2409480,0.8886,-0.0664,0.1128,-28.5998,9.4656,22.2738,circular_motion
2409500,0.9504,-0.041,-0.0014,-30.241,6.8396,23.5562,circular_motion
2409520,0.9899,-0.0891,0.0235,-34.9662,8.4351,15.7547,circular_motion
2409540,0.9555,-0.1113,0.1329,-37.0502,18.458,5.6173,circular_motion
2409560,0.8544,-0.0757,0.222,-30.8059,29.9389,3.77,circular_motion
2409580,0.8347,0.0125,0.2041,-23.5616,34.9465,14.1135,circular_motion
2409600,0.9575,0.0293,0.1609,-19.7601,28.5572,22.7242,circular_motion
2409620,1.0642,0.0195,0.1226,-17.9128,14.2289,19.0753,circular_motion
2409640,1.1396,0.0452,0.1614,-16.3937,11.0763,12.8921,circular_motion
2409660,1.1662,0.1025,0.2115,-12.2487,18.4351,3.8845,circular_motion
2409680,1.0405,0.1445,0.1912,-6.8288,23.8854,-0.6728,circular_motion
2409700,0.9038,0.1675,0.2278,-2.9662,18.2213,6.2662,circular_motion
2409720,0.9514,0.1538,0.283,4.4002,8.0457,17.6173,circular_motion
2409740,1.0717,0.1375,0.1966,11.2399,7.3893,20.5486,circular_motion
2409760,1.1069,0.1082,0.2007,14.5452,13.4656,18.4646,circular_motion
2409780,1.0664,0.1357,0.1492,18.0262,13.4198,12.312,circular_motion
2409800,1.0295,0.1008,0.1607,21.2933,12.2213,8.4799,circular_motion
2409820,0.9765,0.0996,0.1805,25.8582,17.3435,8.4036,circular_motion
2409840,0.9531,0.1035,0.168,31.0262,20.8778,13.3349,circular_motion
2409860,0.9794,0.1052,0.1582,36.82,14.9007,17.7242,circular_motion
2409880,1.0244,0.0806,0.1741,42.2933,12.0839,19.3501,circular_motion
2409900,1.1208,0.0647,0.1187,47.9651,12.1831,18.7547,circular_motion
2409920,1.2036,0.0862,0.0047,50.2628,11.9694,10.5639,circular_motion
2409940,1.2502,0.1003,-0.059,50.0491,17.8625,0.3578,circular_motion
2409960,1.2333,0.1011,-0.0898,47.3926,28.6259,-7.6117,circular_motion
2409980,1.1933,0.0447,-0.0122,43.0185,28.4885,-16.4972,circular_motion
2410000,1.051,0.0288,0.0733,42.2781,19.1144,-17.9171,circular_motion
2410020,1.0197,0.0149,0.1397,47.8964,10.7938,-8.4056,circular_motion
2410040,1.1274,0.0259,0.0984,55.9804,2.374,-0.8942,circular_motion
2410060,1.2719,0.0176,-0.0383,58.0796,0.519,-7.1232,circular_motion
2410080,1.2348,0.0254,-0.0764,53.3697,5.9007,-16.3827,circular_motion
2410100,1.0876,0.0244,-0.0478,50.1407,6.6946,-16.6651,circular_motion
2410120,0.9956,0.0051,-0.0173,49.8887,-1.3665,-8.2987,circular_motion
2410140,1.0734,0.002,-0.0549,49.4002,-7.3054,0.2204,circular_motion
2410160,1.1457,0.0051,-0.0048,47.3926,-5.2138,1.7852,circular_motion
2410180,1.2314,-0.0327,0.0035,48.5071,1.29,-1.4438,circular_motion
2410200,1.2326,-0.0435,-0.0034,47.0033,1.6641,-7.856,circular_motion
2410220,1.2546,-0.0947,-0.0442,43.4994,6.1068,-13.6193,circular_motion
2410240,1.2499,-0.1255,-0.1762,37.3544,13.2747,-24.0163,circular_motion
2410260,1.0649,-0.0894,-0.1423,25.4842,10.3358,-32.6346,circular_motion
2410280,0.8894,-0.0874,-0.0446,19.8811,-1.6489,-24.3903,circular_motion
2410300,0.9238,-0.0671,0.0079,18.2323,-14.0306,-7.0697,circular_motion
2410320,1.1357,-0.0781,0.011,21.8735,-18.2825,-4.6728,circular_motion
2410340,1.1992,-0.0791,-0.1408,22.5834,-17.3512,-14.5125,circular_motion
2410360,1.1018,-0.062,-0.2168,15.6826,-12.3665,-18.3751,circular_motion
2410380,1.059,-0.0476,-0.1142,12.8735,-9.4123,-13.6651,circular_motion
2410400,1.0615,-0.0332,-0.1274,12.4231,-11.168,-11.0545,circular_motion
2410420,0.9916,-0.0312,-0.0918,10.7132,-22.8398,-8.8713,circular_motion
2410440,0.9897,-0.0181,-0.073,10.6597,-37.9772,-1.7491,circular_motion
2410460,1.1079,-0.0012,-0.207,5.5987,-46.9619,-2.085,circular_motion
2410480,1.111,-0.0034,-0.2143,-2.3326,-42.7863,-5.6117,circular_motion
2410500,1.0407,-0.0054,-0.1433,-7.409,-33.2291,-7.9629,circular_motion
2410520,0.8991,-0.0271,-0.0178,-7.7601,-31.0993,-4.688,circular_motion
2410540,0.9206,-0.0137,0.0267,-2.9967,-32.8016,2.5639,circular_motion
2410560,1.0585,-0.033,0.0039,3.4002,-27.9543,0.6555,circular_motion
2410580,1.1633,-0.0364,-0.2353,0.5147,-17.5344,-11.6041,circular_motion
2410600,1.0078,-0.0151,-0.3557,-18.1036,-23.4199,-30.0545,circular_motion
2410620,0.7133,-0.0459,-0.2744,-35.9586,-40.481,-28.8865,circular_motion
2410640,0.6066,-0.0557,-0.0593,-41.1418,-48.5573,-4.1613,circular_motion
2410660,0.8613,-0.0981,0.013,-34.3784,-33.4504,15.2738,circular_motion
2410680,1.1013,-0.1113,-0.0459,-26.8441,-4.9161,9.5181,circular_motion
2410700,1.1032,-0.0881,-0.1462,-27.9662,4.6793,-9.085,circular_motion
2410720,0.8723,-0.0989,-0.0559,-33.3097,-8.0688,-22.3674,circular_motion
2410740,0.7446,-0.0876,-0.0903,-35.7677,-15.4657,-17.1766,circular_motion
2410760,0.7309,-0.0264,-0.0947,-38.012,-6.1146,-6.8407,circular_motion
2410780,0.8603,-0.083,0.0049,-36.7067,-8.8474,-2.314,circular_motion
2410800,0.8874,-0.113,-0.1023,-39.9433,-4.2367,0.0524,circular_motion
2410820,0.873,-0.1184,-0.1601,-46.6838,-7.168,1.1364,circular_motion
2410840,0.8413,-0.1072,-0.1106,-54.5082,-18.9695,1.1898,circular_motion
2410860,0.8181,-0.1362,0.0008,-56.1113,-26.0001,9.1593,circular_motion
2410880,0.8918,-0.1477,0.0347,-53.4013,-15.0993,12.9303,circular_motion
2410900,0.934,-0.1318,0.0454,-47.9738,11.0763,13.7165,circular_motion
2410920,0.8984,-0.1101,-0.0068,-41.6761,28.3511,13.9074,circular_motion
2410940,0.8752,-0.0972,-0.08,-42.0273,15.6946,10.4188,circular_motion
2410960,0.791,-0.062,-0.0979,-47.6609,-2.855,9.0295,circular_motion
2410980,0.7946,-0.053,-0.1032,-52.9738,-9.4428,18.1287,circular_motion
2411000,0.8642,-0.0693,0.0301,-51.3021,-3.5344,25.0906,circular_motion
2411020,0.8977,-0.0598,0.0457,-45.47,2.061,29.1364,circular_motion
2411040,0.9621,-0.0547,0.0047,-43.1494,2.4732,27.5486,circular_motion
2411060,0.9948,-0.0762,-0.0488,-44.8364,6.519,22.9913,circular_motion
2411080,0.9428,-0.0781,0.0037,-48.7372,10.2518,17.0982,circular_motion
2411100,0.8457,-0.0435,0.0652,-49.4395,9.9312,19.9379,circular_motion
2411120,0.8376,-0.0373,0.1297,-46.4013,3.0381,28.9532,circular_motion
2411140,0.987,-0.0437,0.1753,-39.4395,4.3893,34.4494,circular_motion
2411160,1.1354,-0.0601,0.1556,-33.1342,13.2442,27.7929,circular_motion
2411180,1.0866,-0.0469,0.1792,-28.2868,19.1602,14.7013,circular_motion
2411200,0.9477,-0.0405,0.177,-24.6456,17.8625,8.8387,circular_motion
2411220,0.8959,-0.0571,0.1983,-22.1342,19.9923,9.3196,circular_motion
2411240,0.8864,-0.0764,0.2327,-19.1418,28.1068,12.0753,circular_motion
2411260,0.8461,-0.041,0.2635,-15.0273,32.2366,21.6478,circular_motion
2411280,0.9216,-0.0347,0.3013,-9.5998,20.206,32.8616,circular_motion
2411300,1.0837,-0.0442,0.336,-2.2029,3.1602,32.8616,circular_motion
2411320,1.1618,-0.0339,0.3257,5.2628,2.0763,25.9379,circular_motion
2411340,1.1582,-0.012,0.2327,10.2475,12.29,20.6326,circular_motion
2411360,1.1147,0.0164,0.2283,10.7055,15.4809,16.457,circular_motion
2411380,1.0964,0.0649,0.2293,11.1101,13.3053,10.0753,circular_motion
2411400,1.0112,0.0659,0.2779,15.7208,11.9236,10.1822,circular_motion
2411420,0.9533,0.0659,0.3121,24.3849,8.8015,17.9532,circular_motion
2411440,1.0786,0.0391,0.2876,34.4078,0.6412,26.8768,circular_motion
2411460,1.2348,0.0691,0.0608,36.6216,1.7251,22.5257,circular_motion
2411480,1.2126,0.0867,0.0057,29.8506,2.3358,10.7852,circular_motion
2411500,1.0646,0.0984,0.1267,26.5758,-9.7253,-0.9094,circular_motion
2411520,0.979,0.0581,0.2886,35.7819,-13.9314,-1.1079,circular_motion
2411540,1.1279,0.0325,0.1895,51.675,3.9999,8.457,circular_motion
2411560,1.1667,0.054,-0.0781,54.1865,20.9236,4.1135,circular_motion
2411580,1.0146,0.0845,-0.1337,46.6826,20.8091,3.3501,circular_motion
2411600,0.9584,0.0706,-0.02,40.301,0.3893,10.3501,circular_motion
2411620,1.1057,0.0361,0.0523,44.6063,-12.4657,16.915,circular_motion
2411640,1.2314,0.0147,0.0079,51.1254,-7.6489,15.6478,circular_motion
2411660,1.2556,-0.009,-0.0503,54.0872,-1.6489,8.1058,circular_motion
2411680,1.1386,-0.009,-0.0991,53.6979,-0.8474,1.5104,circular_motion
2411700,1.0478,0.0281,-0.1992,46.3849,-12.4428,2.5715,circular_motion
2411720,1.1367,-0.0303,-0.1164,41.0796,-21.542,5.7165,circular_motion
2411740,1.2021,-0.0818,-0.0622,41.0643,-10.8321,-0.2377,circular_motion
2411760,1.1989,-0.0796,0.0157,47.0491,-4.8016,-8.169,circular_motion
2411780,1.1333,-0.0662,-0.0349,49.8964,-5.3588,-16.4743,circular_motion
2411800,1.0861,-0.04,-0.0883,49.5071,-5.4733,-17.688,circular_motion
2411820,1.0834,-0.0442,-0.1125,48.2857,-4.7024,-17.7949,circular_motion
2411840,1.029,-0.0571,-0.2065,43.7361,-6.6336,-19.8636,circular_motion
2411860,0.936,-0.041,-0.1316,40.9422,-19.8169,-18.7109,circular_motion
2411880,0.9455,-0.0413,-0.0739,44.072,-36.3588,-12.4132,circular_motion
2411900,1.091,-0.061,-0.2338,44.6063,-36.9085,-13.7338,circular_motion
2411920,1.0812,-0.064,-0.3325,36.904,-25.3817,-24.8407,circular_motion
2411940,0.9011,-0.0598,-0.3828,23.3926,-23.0153,-27.3674,circular_motion
2411960,0.8579,-0.0508,-0.3076,11.9498,-25.5955,-16.9552,circular_motion
2411980,1.0078,-0.1269,-0.1665,10.5987,-21.3436,-12.7949,circular_motion
2412000,1.0427,-0.1282,-0.1672,12.2475,-12.2291,-17.9323,circular_motion
2412020,0.9663,-0.1094,-0.1879,11.7361,-12.0993,-18.9858,circular_motion
2412040,0.9316,-0.0732,-0.2785,4.8124,-19.3436,-15.6041,circular_motion
2412060,1.0034,-0.0898,-0.3071,-5.0731,-24.3359,-12.8025,circular_motion
2412080,1.0305,-0.1062,-0.2497,-12.8975,-22.71,-15.3522,circular_motion
2412100,0.9824,-0.1086,-0.1484,-13.1342,-22.5802,-12.2377,circular_motion
2412120,1.0012,-0.0977,-0.1777,-11.554,-27.2901,-7.7949,circular_motion
2412140,1.0844,-0.0947,-0.206,-12.1571,-28.3588,-8.1079,circular_motion
2412160,1.1403,-0.1177,-0.27,-14.5845,-17.7711,-15.4743,circular_motion
2412180,1.0324,-0.1177,-0.3491,-21.7372,-5.5039,-20.1995,circular_motion
2412200,0.9338,-0.1243,-0.2981,-32.1571,-9.4581,-21.2071,circular_motion
2412220,0.8876,-0.1145,-0.205,-34.1113,-10.1756,-16.5812,circular_motion
2412240,0.8708,-0.1365,-0.2221,-34.2945,-2.5802,-10.9476,circular_motion
2412260,0.8762,-0.144,-0.2409,-36.2258,4.4427,-5.772,circular_motion
2412280,0.9206,-0.1228,-0.2651,-40.2105,6.4732,-2.4972,circular_motion
2412300,0.9965,-0.1157,-0.1865,-45.4242,6.3129,-10.8407,circular_motion
2412320,0.8486,-0.1291,-0.1489,-50.9204,3.6335,-19.8713,circular_motion
2412340,0.7712,-0.0998,-0.1101,-52.928,-4.4199,-16.9858,circular_motion
2412360,0.7475,-0.1047,-0.1086,-52.8593,-5.7634,-5.314,circular_motion
2412380,0.7687,-0.1069,-0.1333,-52.9738,-5.8779,10.4799,circular_motion
2412400,0.9057,-0.1204,-0.2168,-58.8593,-1.8398,16.5944,circular_motion
2412420,0.946,-0.1426,-0.0896,-65.1036,-2.4962,15.7394,circular_motion
2412440,0.9746,-0.1475,0.0396,-64.1723,-7.6336,11.6249,circular_motion
2412460,1.0007,-0.1592,0.0906,-59.9433,-5.023,6.4341,circular_motion
2412480,0.9577,-0.144,0.021,-56.5235,2.3358,2.9379,circular_motion
2412500,0.8701,-0.1216,0.012,-56.8212,6.7022,5.228,circular_motion
2412520,0.864,-0.1113,0.0513,-54.3937,3.5801,11.4952,circular_motion
2412540,0.9572,-0.1013,0.0572,-50.8975,-1.7329,13.9455,circular_motion
2412560,1.0344,-0.0962,0.0684,-47.241,1.4503,9.312,circular_motion
2412580,0.9572,-0.072,0.0352,-45.0273,4.9465,4.7394,circular_motion
2412600,0.8059,-0.0549,0.0982,-45.1036,-2.2367,10.0142,circular_motion
2412620,0.851,-0.0596,0.1421,-41.3937,-6.3436,20.5104,circular_motion
2412640,0.9648,-0.0557,0.1646,-33.5769,-1.5039,23.2585,circular_motion
2412660,0.9675,-0.0337,0.0581,-28.1036,7.6488,23.8616,circular_motion
2412680,0.9772,-0.0244,0.0259,-27.1189,9.0228,24.6249,circular_motion
2412700,1.0058,-0.0349,0.0664,-25.9051,3.9389,21.7623,circular_motion
2412720,0.9924,-0.0317,0.0747,-22.18,1.1831,20.3196,circular_motion
2412740,1.0034,0.001,0.0652,-18.1723,7.2442,22.5639,circular_motion
2412760,0.996,0.012,0.0547,-15.9433,9.3435,24.0371,circular_motion
2412780,1.0175,-0.0049,0.0564,-15.3403,4.8244,24.9913,circular_motion
2412800,1.0397,-0.0264,0.1079,-12.9815,1.4045,23.5486,circular_motion
2412820,1.0888,-0.0288,0.1114,-9.8364,2.5038,19.0829,circular_motion
2412840,1.0058,-0.0256,0.1585,-6.0273,3.3893,13.2204,circular_motion
2412860,0.9694,-0.0046,0.1451,-1.7448,6.4427,16.5333,circular_motion
2412880,0.9536,0.0068,0.1275,1.072,7.4656,19.6097,circular_motion
2412900,0.9694,0.0085,0.1465,4.1025,5.8778,25.0142,circular_motion
2412920,1.0607,0.0093,0.1741,10.9956,2.7404,27.373,circular_motion
2412940,1.166,0.0061,0.1253,14.6826,-1.0153,19.4875,circular_motion
2412960,1.1791,0.0103,0.1009,16.4918,-3.4886,4.3578,circular_motion
2412980,1.0222,0.0247,0.1131,17.5071,-0.2978,-5.3827,circular_motion
2413000,0.8762,0.0342,0.1289,20.6521,5.2595,-2.0774,circular_motion
2413020,0.8583,0.0222,0.1421,25.2017,11.3205,7.7776,circular_motion
2413040,0.9179,0.0391,0.1302,28.4002,11.2595,9.9303,circular_motion
2413060,0.9116,0.051,0.1397,31.5681,5.1144,10.1898,circular_motion
2413080,0.9338,0.0398,0.1646,35.4536,-4.8627,12.0219,circular_motion
2413100,1.0437,0.0408,0.1736,43.0949,2.8931,17.5944,circular_motion
2413120,1.1635,0.0452,0.1011,49.3391,16.0076,14.0219,circular_motion
2413140,1.1752,0.0059,0.0523,50.2017,22.5114,7.686,circular_motion
2413160,1.112,0.0186,0.1285,52.4384,18.7175,1.2814,circular_motion
2413180,1.0769,0.0132,0.1346,58.0491,12.6946,-1.4667,circular_motion
2413200,1.0161,0.0254,0.0599,63.301,9.0915,-0.4667,circular_motion
2413220,1.0278,0.0049,0.045,66.9117,6.7709,5.7929,circular_motion
2413240,1.1135,-0.031,-0.0337,67.82,3.687,6.3578,circular_motion
2413260,1.1264,-0.0122,-0.0612,65.82,-5.397,0.0906,circular_motion
2413280,1.1008,-0.0295,-0.0573,65.5758,-8.0001,-0.627,circular_motion
2413300,1.1586,-0.05,-0.0341,69.6597,-1.4581,-2.627,circular_motion
2413320,1.0981,-0.0549,-0.0676,72.7284,3.1526,-9.5812,circular_motion
2413340,0.9787,-0.0591,-0.0981,73.3544,-0.3741,-5.2835,circular_motion
2413360,1.0505,-0.0613,-0.1657,71.4613,-9.6031,-0.4743,circular_motion
2413380,1.1372,-0.0749,-0.2273,68.9575,-16.8016,-2.7567,circular_motion
2413400,1.1525,-0.1023,-0.2592,62.8735,-14.8703,-9.7644,circular_motion
2413420,1.0954,-0.1089,-0.2348,58.8124,-7.0688,-11.2071,circular_motion
2413440,1.1459,-0.0955,-0.2873,55.2857,-0.9085,-9.5964,circular_motion
2413460,1.1677,-0.0659,-0.3081,51.0414,-5.1375,-17.4667,circular_motion
2413480,1.0415,-0.0811,-0.2834,46.8658,-16.1756,-23.4896,circular_motion
2413500,0.9916,-0.0952,-0.3025,42.6597,-21.4962,-20.0926,circular_motion
2413520,0.9948,-0.1191,-0.3442,37.7284,-19.7711,-15.688,circular_motion
2413540,1.0073,-0.0979,-0.3117,32.1025,-14.5726,-9.5964,circular_motion
2413560,1.0637,-0.0942,-0.26,28.5834,-12.9619,-9.7796,circular_motion
2413580,1.0607,-0.0984,-0.2402,26.0338,-18.6413,-14.314,circular_motion
2413600,1.0339,-0.1064,-0.2692,23.7132,-20.7482,-17.7109,circular_motion
2413620,0.9353,-0.0915,-0.3108,18.301,-19.626,-15.4209,circular_motion
2413640,0.9189,-0.0977,-0.3193,12.4536,-17.2901,-6.4056,circular_motion
2413660,0.9616,-0.1045,-0.3015,6.1101,-13.8779,-1.2682,circular_motion
2413680,0.9887,-0.1179,-0.166,0.2323,-23.7329,-3.1384,circular_motion
2413700,1.0329,-0.1377,0.0242,3.9575,-40.9085,-12.4896,circular_motion
2413720,0.9999,-0.1404,-0.1101,12.3391,-35.5649,-19.772,circular_motion
2413740,0.9399,-0.0984,-0.4035,10.133,-13.8092,-21.7186,circular_motion
2413760,0.937,-0.0825,-0.6086,-7.0502,-0.6107,-25.0545,circular_motion
2413780,0.7775,-0.146,-0.4668,-24.4471,-1.1146,-28.7491,circular_motion
2413800,0.7065,-0.1431,-0.2434,-28.9662,-0.6795,-13.0087,circular_motion
2413820,0.8884,-0.1833,-0.1616,-25.0349,1.3893,0.6631,circular_motion
2413840,1.1132,-0.2373,-0.2221,-25.1265,0.9389,-2.7415,circular_motion
2413860,0.9572,-0.1882,-0.1652,-27.1952,2.7022,-7.543,circular_motion
2413880,0.9943,-0.1677,-0.1411,-26.7372,10.5725,-6.8331,circular_motion
2413900,1.0092,-0.1343,-0.0004,-21.18,29.0076,-7.4743,circular_motion
2413920,1.0131,-0.1406,-0.0317,-11.4319,46.0686,-8.6728,circular_motion
2413940,0.9365,-0.1023,-0.2895,-17.4242,44.8854,-12.7186,circular_motion
2413960,0.8784,-0.0974,-0.2094,-35.4624,19.5725,-10.5735,circular_motion
2413980,0.976,-0.1269,-0.0278,-41.1723,10.5343,-5.1232,circular_motion
2414000,1.0075,-0.1321,0.0601,-38.5311,17.6259,-9.2148,circular_motion
2414020,0.996,-0.1284,0.0371,-26.012,19.2289,-13.0545,circular_motion
2414040,0.906,-0.1611,-0.1223,-27.1876,8.5954,-17.9018,circular_motion
2414060,0.8598,-0.1533,-0.2863,-46.8364,-10.0764,-15.4667,circular_motion
2414080,0.8093,-0.1352,-0.1858,-70.4624,-19.4352,-9.4743,circular_motion
2414100,0.8068,-0.1645,0.0711,-79.0502,-19.6413,3.3959,circular_motion
2414120,0.9423,-0.2151,0.3047,-69.1571,-20.0153,13.9684,circular_motion
2414140,1.0891,-0.1711,0.3931,-49.5082,-21.7329,8.4952,circular_motion
2414160,1.1064,-0.1201,0.2701,-28.2181,-19.4199,-3.1461,circular_motion
2414180,0.9616,-0.0942,0.0005,-21.3937,-22.8627,-10.3903,circular_motion
2414200,0.8869,-0.082,-0.0817,-27.9815,-19.252,-2.4056,circular_motion
2414220,0.9914,-0.104,0.0164,-31.2334,-0.6947,-0.9323,circular_motion
2414240,0.8015,-0.0669,-0.0063,-25.4624,-2.5802,0.6707,circular_motion
2414260,0.7663,-0.0693,-0.3215,-29.1036,-21.8245,12.0524,circular_motion
2414280,0.8215,-0.0886,-0.0109,-35.5082,-39.9008,28.0677,circular_motion
2414300,1.0485,-0.0955,0.0362,-37.0731,-19.0153,34.9303,circular_motion
2414320,1.0832,-0.1123,0.0318,-32.7296,0.3129,31.8845,circular_motion
2414340,1.0222,-0.147,0.0315,-32.3632,-2.0764,28.1974,circular_motion
2414360,0.9912,-0.1152,0.3714,-27.409,-24.1985,28.3196,circular_motion
2414380,1.2983,-0.1255,0.1167,-21.5082,-27.0459,19.6097,circular_motion
2414400,1.3046,-0.0994,0.0025,-18.9509,-6.5039,7.6631,circular_motion
2414420,1.2094,-0.0889,-0.1079,-22.9815,8.5114,-4.3216,circular_motion
2414440,1.0649,-0.0466,-0.1738,-33.9586,2.206,-12.2835,circular_motion
2414460,0.9741,-0.0325,-0.0254,-40.8288,-3.1985,-14.7415,circular_motion
2414480,0.9411,-0.0386,0.0826,-35.6761,1.2824,-5.5964,circular_motion
2414500,1.0002,-0.0522,0.0677,-27.3479,8.5801,2.2738,circular_motion
2414520,1.0893,-0.0239,0.0015,-25.7296,3.2747,-2.9476,circular_motion
2414540,0.7646,0.0498,0.3509,-27.4166,-6.0077,-7.6651,circular_motion
2414560,0.8964,0.0564,0.0413,-23.2029,6.7786,-5.4972,circular_motion
2414580,0.8757,0.0205,0.0708,-18.5311,4.6335,4.8387,circular_motion
2414600,1.007,-0.0229,0.0267,-15.6761,1.5801,7.6249,circular_motion
2414620,0.9965,0.0017,0.0579,-14.1647,-2.6413,0.8768,circular_motion
2414640,1.0034,0.0398,0.138,-11.5235,0.3816,-1.5735,circular_motion
2414660,0.9274,0.0562,0.1121,-5.783,4.2671,-3.0316,circular_motion
2414680,0.8232,0.0657,0.1238,-2.4319,3.6564,6.1364,circular_motion
2414700,0.979,0.0383,0.0418,-3.3326,4.3205,11.2509,circular_motion
2414720,1.071,0.0134,0.1433,-1.2334,2.4045,7.6173,circular_motion
2414740,1.0859,0.03,0.1014,7.2094,4.3282,-3.1461,circular_motion
2414760,0.9804,0.0352,-0.0285,11.8964,9.4503,-6.2224,circular_motion
2414780,0.9206,0.0413,-0.0898,8.6979,10.8702,-1.6651,circular_motion
2414800,0.9809,0.0369,-0.0495,4.7437,6.1984,3.2967,circular_motion
2414820,1.1035,0.0327,0.0225,3.0872,0.1068,-0.8865,circular_motion
2414840,1.0751,0.0508,0.1272,7.1178,5.2747,-9.7109,circular_motion
2414860,0.9357,0.0662,0.1153,15.4765,12.1602,-7.459,circular_motion
2414880,0.9003,0.0676,0.0245,17.6292,9.8244,-1.001,circular_motion
2414900,1.0095,0.0994,-0.06,12.8048,-1.5802,1.5639,circular_motion
2414920,1.0991,0.1057,0.0398,6.9269,3.5725,-2.7644,circular_motion
2414940,1.1582,0.0681,0.2703,13.7208,11.5343,-10.0087,circular_motion
2414960,1.0612,0.0903,0.273,29.5681,19.6564,-20.9171,circular_motion
2414980,0.8217,0.1382,0.0303,37.3391,17.3969,-16.8026,circular_motion
2415000,0.7587,0.1658,-0.1108,32.5452,6.9007,0.2662,circular_motion
2415020,0.9299,0.1494,-0.0568,23.8429,-8.2978,10.5868,circular_motion
2415040,1.1706,0.1138,0.1172,25.7513,-2.7482,5.9303,circular_motion
2415060,1.1613,0.1113,0.149,33.7284,13.5648,-11.8254,circular_motion
2415080,0.9072,0.1416,0.0923,39.3773,18.3129,-16.4438,circular_motion
2415100,0.7485,0.1836,-0.0044,38.9727,8.5496,-2.8865,circular_motion
2415120,0.8366,0.1609,0.0079,34.8735,-3.8779,14.0524,circular_motion
2415140,1.0769,0.1091,0.1204,39.7819,-3.1909,13.0677,circular_motion
2415160,1.0686,0.1135,0.1053,48.301,4.1831,0.4188,circular_motion
2415180,0.9909,0.1553,-0.0107,52.0796,12.3053,0.3501,circular_motion
2415200,0.9497,0.1829,-0.1335,47.2628,9.6335,3.1593,circular_motion
2415220,0.9697,0.1516,-0.0761,41.1559,3.1068,7.9226,circular_motion
2415240,0.633,0.2029,0.3186,40.591,-8.0306,16.6555,circular_motion
2415260,1.0441,0.1177,0.0613,47.5681,-12.9008,15.1822,circular_motion
2415280,1.2365,0.1057,-0.0063,57.2017,-8.1069,12.2891,circular_motion
2415300,1.1992,0.1328,-0.1914,57.8353,0.0763,1.6555,circular_motion
2415320,1.0925,0.1453,-0.2812,51.217,0.5801,-11.3369,circular_motion
2415340,0.9167,0.104,-0.2153,46.1025,-2.2214,-8.7109,circular_motion
2415360,0.9394,0.0891,-0.1518,46.4307,-9.855,-1.4438,circular_motion
2415380,0.9987,0.0808,-0.2107,49.3315,-11.1985,1.6555,circular_motion
2415400,1.0732,0.096,-0.2993,45.6368,-12.1909,-2.1766,circular_motion
2415420,1.0549,0.083,-0.2656,42.4231,-6.4275,-9.5812,circular_motion
2415440,0.9785,0.0637,-0.2692,41.4002,1.0763,-13.9018,circular_motion
2415460,0.9001,0.0569,-0.2507,40.8811,1.6641,-12.7033,circular_motion
2415480,0.8986,0.0606,-0.2065,43.2017,5.7328,-8.1155,circular_motion
2415500,0.9016,0.0601,-0.2468,45.2475,7.2366,-5.3827,circular_motion
2415520,0.9135,0.0508,-0.3532,40.3391,-1.7863,-5.5506,circular_motion
2415540,0.9326,-0.0242,-0.312,33.0949,-5.6718,-4.9323,circular_motion
2415560,0.9609,0.0156,-0.2722,30.9269,0.6183,0.5562,circular_motion
2415580,1.1406,-0.0102,-0.2253,32.8582,8.519,-0.0926,circular_motion
2415600,1.1391,-0.0186,-0.3435,30.1101,16.3664,-12.0926,circular_motion
2415620,1.0595,-0.0483,-0.3574,22.7284,21.206,-17.0697,circular_motion
2415640,1.0202,-0.0312,-0.3474,13.1101,21.9389,-14.2148,circular_motion
2415660,1.0402,-0.0266,-0.2775,6.8887,16.4122,-12.8865,circular_motion
2415680,1.0534,-0.0474,-0.2551,3.1254,8.8167,-15.6804,circular_motion
2415700,1.0361,-0.0666,-0.184,1.8582,1.9999,-18.688,circular_motion
2415720,1.0197,-0.0496,-0.2434,-0.0502,3.0457,-18.169,circular_motion
2415740,0.9597,-0.0388,-0.2937,-8.5616,-2.1222,-18.688,circular_motion
2415760,0.9677,-0.0435,-0.3012,-18.6838,0.7709,-18.7873,circular_motion
2415780,0.9365,-0.0691,-0.2314,-24.3708,7.4122,-16.5735,circular_motion
2415800,0.9855,-0.0996,-0.1096,-25.9967,17.2366,-13.0316,circular_motion
2415820,1.0524,-0.1135,0.0408,-19.2639,18.1144,-18.6728,circular_motion
2415840,0.9028,-0.0903,-0.0742,-14.8899,13.6412,-21.169,circular_motion
2415860,0.7895,-0.0623,-0.1723,-24.638,-2.2978,-10.8865,circular_motion
2415880,0.884,-0.1062,-0.1621,-36.638,-13.7482,3.2585,circular_motion
2415900,1.0556,-0.1282,0.0398,-40.7372,-13.0153,7.1975,circular_motion
2415920,1.0576,-0.0986,0.0843,-38.5693,2.4427,2.1745,circular_motion
2415940,0.945,-0.0693,0.0689,-33.6685,10.0686,3.2127,circular_motion
2415960,0.8732,-0.062,-0.0566,-34.1342,6.1526,14.2967,circular_motion
2415980,1.0065,-0.0864,-0.163,-44.0578,-2.7482,19.312,circular_motion
2416000,1.1896,-0.1177,-0.4216,-52.8593,-14.0764,11.2356,circular_motion
2416020,0.9416,-0.0969,0.1348,-51.3937,-13.5649,9.0066,circular_motion
2416040,0.8525,-0.1167,0.1714,-43.6303,-10.0764,19.6173,circular_motion
2416060,1.0466,-0.135,0.064,-37.9891,-10.6489,25.1974,circular_motion
2416080,1.163,-0.1467,-0.04,-40.9662,-12.2443,12.2051,circular_motion
2416100,1.0322,-0.1396,-0.0432,-45.4624,-17.8398,0.8921,circular_motion
2416120,0.8967,-0.1367,0.0442,-44.1113,-12.313,7.5486,circular_motion
2416140,0.9743,-0.1526,0.0767,-37.4013,0.603,17.5333,circular_motion
2416160,1.1489,-0.1479,-0.0139,-36.3097,4.3053,11.5562,circular_motion
2416180,1.1003,-0.1208,-0.0866,-41.8975,-4.3283,-4.6117,circular_motion
2416200,0.9208,-0.1226,0.0079,-44.5235,-7.7863,-8.4056,circular_motion
2416220,0.791,-0.1111,0.0725,-41.7067,-11.2214,2.1211,circular_motion
2416240,0.8469,-0.0933,0.0535,-37.4395,-10.2291,15.9837,circular_motion
2416260,0.9833,-0.1025,0.0013,-38.4471,-10.0688,20.0677,circular_motion
2416280,0.9709,-0.1001,0.0227,-42.0273,-10.0917,14.8997,circular_motion
2416300,0.9448,-0.1081,0.0669,-42.4242,-12.6107,14.2891,circular_motion
2416320,0.9406,-0.145,0.115,-41.4013,-12.6031,16.1974,circular_motion
2416340,0.9582,-0.073,0.1016,-39.8364,-8.5039,19.0677,circular_motion
2416360,0.9882,-0.0779,0.0562,-39.1647,-6.2138,18.8921,circular_motion
2416380,1.0471,-0.0981,0.1372,-37.0196,-7.5726,16.8005,circular_motion
2416400,1.1262,-0.0864,0.1275,-34.2716,0.0457,11.7394,circular_motion
2416420,1.0964,-0.0581,0.1104,-34.1189,4.0686,2.1287,circular_motion
2416440,1.0576,-0.051,0.1724,-30.7983,-2.6718,-3.543,circular_motion
2416460,0.9221,-0.0056,0.2095,-28.1342,-8.4657,0.6784,circular_motion
2416480,1.0231,-0.0054,0.2312,-19.7983,-5.8016,6.6249,circular_motion
2416500,1.0549,0.0173,0.0689,-14.2792,4.145,3.1364,circular_motion
2416520,1.0041,0.0193,0.125,-12.9738,1.9083,3.6326,circular_motion
2416540,1.0097,0.0171,0.1975,-11.0884,-0.9314,1.1058,circular_motion
2416560,0.9841,0.0186,0.2344,-5.7754,0.5954,1.5715,circular_motion
2416580,0.935,0.0286,0.2649,1.4918,4.5877,4.9913,circular_motion
2416600,0.9765,0.0181,0.2398,7.6674,6.6335,8.4646,circular_motion
2416620,0.9831,0.0205,0.219,13.1254,7.29,6.6707,circular_motion
2416640,0.9792,0.0452,0.1766,16.7666,6.2213,8.1822,circular_motion
2416660,0.841,0.042,0.2342,17.2552,-7.3512,13.0448,circular_motion
2416680,0.892,0.0439,0.3824,21.4842,-17.3054,19.0371,circular_motion
2416700,1.1286,0.0649,0.1287,28.4994,-10.252,15.312,circular_motion
2416720,1.0886,0.0569,0.0484,29.0109,4.2137,6.9226,circular_motion
2416740,1.0681,0.0964,0.0052,28.0796,10.5496,5.1822,circular_motion
2416760,1.0415,0.1086,0.024,29.3697,6.9847,2.7089,circular_motion
2416780,1.0366,0.0979,0.0503,33.9269,4.5572,3.9303,circular_motion
2416800,1.0976,0.1016,-0.1252,38.7971,8.2824,5.3883,circular_motion
2416820,1.0617,0.0747,-0.0202,38.3544,5.2595,3.0677,circular_motion
2416840,1.0952,0.0855,-0.0307,41.4536,-0.7024,1.06,circular_motion
2416860,1.1496,0.0896,-0.2009,39.2704,-1.4733,-1.5659,circular_motion
