timestamp_ms,acc_x_g,acc_y_g,acc_z_g,gyro_x_dps,gyro_y_dps,gyro_z_dps,label
2161584,0.7145,0.0100,0.2312,-110.3097,-8.0688,-79.6728,shake
2161604,0.3085,0.0513,1.5252,-76.0273,2.4885,-48.5201,shake
2161624,0.2702,0.1252,2.0320,0.4994,67.6412,6.8463,shake
2161644,0.5400,0.1091,1.5086,65.7055,15.8167,43.6402,shake
2161664,0.7429,0.0435,0.7810,104.2857,0.4656,55.7547,shake
2161684,1.0766,-0.0032,-0.3820,111.0872,-1.4504,64.5410,shake
2161704,1.3454,-0.1016,-1.0986,81.6674,-48.7863,58.8463,shake
2161724,1.6281,-0.0273,-1.9123,22.8735,6.9312,28.2814,shake
2161744,1.6823,0.0054,-1.8256,-50.9891,-25.4504,-20.4819,shake
2161764,1.4792,0.0049,-1.0437,-95.9357,-39.5344,-59.6804,shake
2161784,1.1362,-0.0322,-0.1218,-115.8593,-4.6718,-83.2911,shake
2161804,0.4130,-0.0186,1.1111,-99.0425,28.5496,-69.1079,shake
2161824,0.0380,0.1272,1.8328,-34.7754,39.2900,-13.9858,shake
2161844,0.4392,0.1179,1.7586,37.5147,-10.2062,37.8234,shake
2161864,0.8364,0.0977,1.1971,85.1941,-1.6795,41.7471,shake
2161884,0.8229,0.0640,0.1289,108.1178,13.3893,50.5410,shake
2161904,1.1071,-0.0041,-0.8447,93.7666,8.4198,58.3272,shake
2161924,0.9697,0.0444,-0.6206,53.6292,-0.8092,43.1975,shake
2161944,1.6694,-0.0271,-1.9123,-9.5540,-15.6795,14.2127,shake
2161964,1.6435,0.0078,-1.5080,-69.3937,-19.9161,-32.8025,shake
2161984,1.3098,-0.0225,-0.7487,-104.4013,-13.7405,-66.4285,shake
2162004,0.7998,-0.0510,0.3047,-114.2563,0.6335,-74.9629,shake
2162024,0.3564,0.0588,1.6048,-77.5235,6.9923,-41.2987,shake
2162044,0.3747,0.1243,2.0420,-0.7372,19.6106,7.1669,shake
2162064,0.6904,0.1345,1.4851,61.3468,2.7099,28.8921,shake
2162084,0.7004,0.0842,0.7061,99.6903,7.5496,40.8310,shake
2162104,0.8574,0.0059,-0.3286,104.4994,4.7557,57.8310,shake
2162124,1.2116,-0.0310,-1.1823,81.5605,-33.0917,61.3730,shake
2162144,1.6767,-0.0344,-1.9123,20.3086,-2.1222,32.6020,shake
2162164,1.7099,0.0078,-1.7353,-55.4166,-19.5649,-26.4209,shake
2162184,1.3659,-0.0308,-0.8296,-96.7143,-35.4275,-63.6041,shake
2162204,1.0493,-0.0303,0.1477,-108.3250,-18.9848,-82.4667,shake
2162224,0.5134,0.0015,1.2405,-84.9662,20.8244,-67.8026,shake
2162244,0.1347,0.1101,1.8150,-17.8975,23.8473,-14.5201,shake
2162264,0.3449,0.1189,1.4615,47.6521,-11.3130,30.4112,shake
2162284,0.7456,0.0952,0.8160,89.5834,-4.6947,48.1669,shake
2162304,0.8806,0.0278,-0.2285,102.0949,11.5419,61.7394,shake
2162324,1.1699,-0.0173,-1.1298,83.0262,-1.6718,68.0295,shake
2162344,1.7192,-0.0120,-1.9123,30.2704,-10.4733,46.0448,shake
2162364,1.9577,0.0147,-1.9123,-52.6303,-16.1604,-18.1155,shake
2162384,1.5910,-0.0308,-1.0070,-102.1494,-7.2062,-71.9705,shake
2162404,0.9323,-0.0869,0.0799,-121.4166,5.1068,-93.2529,shake
2162424,0.2753,0.0405,1.4683,-87.1952,10.6641,-63.8484,shake
2162444,0.0773,0.1492,1.9429,-5.9586,17.2671,-4.0545,shake
2162464,0.4228,0.1355,1.3963,59.8353,5.0152,46.4265,shake
2162484,0.7043,0.0774,0.7293,94.2475,10.6717,66.2585,shake
2162504,1.0932,0.0591,-0.1687,102.7284,4.3511,74.1059,shake
2162524,1.4956,-0.0254,-1.0107,81.0185,-19.9695,56.0219,shake
2162544,1.7319,-0.0659,-1.9123,27.6597,-6.9008,20.3578,shake
2162564,1.7136,-0.0156,-1.7924,-45.4395,-10.2596,-26.2377,shake
2162584,1.3857,-0.0032,-1.0202,-90.1113,-7.4046,-64.5659,shake
2162604,0.9560,0.0164,0.0318,-108.4242,8.6946,-85.9858,shake
2162624,0.2827,0.0095,1.2991,-84.8670,27.2595,-68.6575,shake
2162644,0.0073,0.1487,1.9910,-7.0273,51.2289,-10.3369,shake
2162664,0.2575,0.1001,1.6485,65.6445,-0.0306,49.9226,shake
2162684,0.7490,0.0486,0.8245,106.9727,-9.4123,69.3578,shake
2162704,1.1718,0.0056,-0.4204,113.2170,-3.2367,75.5868,shake
2162724,1.5229,-0.0896,-1.1123,80.2170,-75.1375,57.8768,shake
2162744,1.7236,-0.0393,-1.9123,18.0109,-1.6795,12.2356,shake
2162764,1.6608,-0.0088,-1.7673,-55.3250,-5.3054,-39.3827,shake
2162784,1.3041,-0.0151,-0.8977,-96.5922,-6.2214,-70.5277,shake
2162804,0.9169,-0.0330,0.1263,-109.3784,5.7251,-86.6041,shake
2162824,0.3232,0.0535,1.3284,-77.7830,15.6870,-64.8178,shake
2162844,0.0632,0.1523,1.8846,-4.3326,30.1602,-5.8484,shake
2162864,0.4628,0.1128,1.4615,62.1712,0.4656,43.9837,shake
2162884,0.8762,0.0867,0.6482,98.3391,-0.7634,56.9761,shake
2162904,1.0881,0.0396,-0.4594,105.5071,-2.2901,64.0448,shake
2162924,1.2746,-0.0210,-1.1425,71.3697,-12.6718,56.6631,shake
2162944,1.9213,-0.0793,-1.9123,-6.9738,-15.5573,13.3272,shake
2162964,1.7209,-0.0203,-1.5058,-78.2410,-23.4733,-53.1308,shake
2162984,1.2536,-0.0002,-0.5822,-113.1723,-16.0230,-89.8789,shake
2163004,0.5632,-0.0220,0.7205,-115.2563,6.9923,-96.8407,shake
2163024,0.0095,0.1194,1.8465,-54.3097,36.4045,-48.8102,shake
2163044,-0.0916,0.1597,2.0332,33.7666,87.3816,25.6707,shake
2163064,0.5019,0.1023,1.2654,92.6292,-0.0917,68.3807,shake
2163084,0.9143,0.0393,0.2176,113.2246,-3.5344,80.6784,shake
2163104,1.4631,-0.0229,-0.7551,98.6445,-9.2443,71.8768,shake
2163124,1.9577,-0.3833,-1.9123,63.6979,55.2671,35.7013,shake
2163144,1.7275,-0.0344,-1.9123,-20.5006,-6.9237,-2.1232,shake
2163164,1.5690,-0.0073,-1.4238,-85.6990,-21.8703,-58.5201,shake
2163184,1.2221,-0.0117,-0.4787,-116.8364,-8.7253,-90.9247,shake
2163204,0.5061,-0.0132,0.7657,-113.1418,29.5190,-91.4209,shake
2163224,0.0026,0.1362,1.7603,-49.5769,69.8244,-37.6957,shake
2163244,-0.0728,0.1526,2.0406,33.5910,73.7862,37.3654,shake
2163264,0.7375,0.1182,1.2369,83.9422,-6.2443,66.5104,shake
2163284,1.1154,0.0640,0.2342,109.0872,-1.3665,68.6784,shake
2163304,1.4064,-0.0193,-0.8108,94.0490,-13.4810,56.5333,shake
2163324,1.1208,0.0610,-0.7177,52.4536,14.9999,32.0524,shake
2163344,1.7277,-0.0579,-1.9123,-32.9357,-21.8856,-4.4361,shake
2163364,1.5698,-0.0452,-1.3918,-95.0807,-29.2901,-52.0163,shake
2163384,1.3571,-0.0227,-0.2612,-121.5464,5.3053,-89.2071,shake
2163404,0.3786,-0.0066,1.0371,-110.2563,43.6564,-95.4972,shake
2163424,-0.2417,0.1392,1.8582,-42.3479,117.7251,-30.9781,shake
2163444,-0.3462,0.1834,2.0876,48.2246,125.1984,52.8463,shake
2163464,0.7365,0.1462,1.1226,97.7971,-11.4199,88.5639,shake
2163484,1.2153,0.0732,0.0267,114.3239,9.3282,87.5410,shake
2163504,1.5944,-0.0127,-0.9099,86.2857,-45.8932,68.9379,shake
2163524,1.5712,-0.0171,-1.1342,33.8429,-249.5573,33.5257,shake
2163544,1.8095,0.0149,-1.7766,-23.7067,-28.1833,-27.0316,shake
2163564,1.5524,0.0496,-1.1684,-66.7983,-26.4504,-57.3293,shake
2163584,1.3752,-0.0332,-0.4318,-93.9280,2.3282,-81.8865,shake
2163604,0.6750,-0.0864,0.7115,-84.5845,19.3358,-95.8178,shake
2163624,-0.2518,0.1157,1.2185,-34.6227,9.5954,-58.8941,shake
2163644,-0.5865,0.0867,1.1402,15.7513,-5.2214,23.1822,shake
2163664,-0.3418,0.0273,0.8142,50.8353,-17.4962,97.5181,shake
2163684,0.4406,0.0103,0.3973,75.9116,-14.8856,148.4494,shake
2163704,1.6728,-0.0205,-0.2524,79.2781,3.2442,143.8616,shake
2163724,1.9577,0.0132,-0.7253,52.4536,16.2366,78.2814,shake
2163744,1.9577,0.0498,-0.9348,16.2170,3.7480,-2.7873,shake
2163764,1.9577,0.0391,-0.7585,-10.1265,-8.6565,-48.7033,shake
2163784,1.6706,0.0132,-0.6931,-29.7372,-4.8398,-87.3827,shake
2163804,0.9265,-0.0432,-0.3830,-45.8059,-8.2901,-106.5888,shake
2163824,0.0795,-0.1099,0.0806,-48.3784,-14.1222,-101.4056,shake
2163844,-0.7129,0.0007,0.3323,-34.0349,-7.0001,-58.3598,shake
2163864,-1.0250,0.0161,0.4925,-10.8746,8.8931,30.0142,shake
2163884,-0.5980,-0.0098,0.4595,16.9727,10.5190,122.1669,shake
2163904,0.5798,-0.0710,0.2491,30.3849,16.3358,180.2127,shake
2163924,1.9577,-0.0754,0.0323,35.2933,15.0610,166.6631,shake
2163944,1.9577,-0.1218,-0.1933,27.9116,14.0534,84.6478,shake
2163964,1.9577,-0.0930,-0.2785,10.1025,10.9541,-20.7949,shake
2163984,1.9577,-0.0151,-0.3698,-8.6990,2.8549,-77.7109,shake
2164004,1.4924,-0.0232,-0.2243,-13.5082,-13.4886,-93.8407,shake
2164024,1.0087,-0.0339,-0.2956,-15.8593,-7.8398,-102.3827,shake
2164044,0.3461,-0.0417,-0.1770,-16.7372,4.7633,-97.0926,shake
2164064,-0.3126,-0.0349,-0.2187,-17.2487,8.3664,-65.5735,shake
2164084,-0.7981,-0.0293,0.0650,-16.9357,-4.7482,-7.2148,shake
2164104,-0.6146,-0.0471,0.3365,0.1941,0.5419,73.4494,shake
2164124,0.3078,-0.0781,0.3108,24.0338,26.0763,142.7013,shake
2164144,1.5869,-0.1184,0.0725,28.0796,32.7786,153.1593,shake
2164164,1.9577,-0.0998,-0.0075,21.4918,-3.8245,91.9455,shake
2164184,1.9577,-0.0791,-0.2048,4.2781,-11.6184,-6.7949,shake
2164204,1.9577,-0.0420,-0.1381,-4.5693,11.2824,-86.6346,shake
2164224,1.5747,-0.0749,-0.1628,-6.8975,21.8625,-126.8331,shake
2164244,0.5603,-0.0041,-0.1696,-15.0884,-0.9390,-128.2835,shake
2164264,-0.0179,-0.0085,-0.0615,-16.5998,-19.0382,-98.7567,shake
2164284,-0.3033,-0.0178,-0.0234,-16.7143,-5.1527,-60.1461,shake
2164304,-0.7430,0.0266,0.0530,-14.5387,15.3358,-11.5125,shake
2164324,-0.7967,0.0127,0.2539,-3.2334,18.6641,66.4570,shake
2164344,0.3200,-0.0098,0.3252,16.7208,33.6183,138.0982,shake
2164364,1.6445,-0.0586,0.2120,30.3544,46.2519,151.9913,shake
2164384,1.9577,-0.0627,-0.2448,25.0567,14.6488,93.6936,shake
2164404,1.9577,0.0554,-0.4441,1.5300,-4.8398,-11.5888,shake
2164424,1.9577,0.0432,-0.2353,-9.7601,6.7557,-88.7949,shake
2164444,1.6669,-0.0115,-0.2299,-17.4471,11.2442,-125.5888,shake
2164464,0.6376,-0.0486,0.0159,-20.8822,-14.2291,-123.8407,shake
2164484,0.0458,-0.0327,0.1177,-17.0349,-24.8245,-93.9705,shake
2164504,-0.3565,-0.0300,0.1739,-13.8441,-21.4886,-59.8941,shake
2164524,-0.6988,-0.0007,0.1070,-8.2334,-0.9008,-16.1842,shake
2164544,-0.8772,0.0266,0.1995,1.9498,14.2366,57.1364,shake
2164564,-0.1409,-0.0386,0.2127,17.2399,21.6412,134.4875,shake
2164584,1.2902,-0.0957,0.1458,27.3391,20.9541,172.9913,shake
2164604,1.9577,-0.1069,-0.2732,27.0567,-10.0306,121.1974,shake
2164624,1.9577,-0.0276,-0.3972,1.8964,-14.8092,6.5639,shake
2164644,1.9577,-0.0508,-0.2072,-19.2487,0.1602,-88.1690,shake
2164664,1.5415,0.0159,-0.0180,-23.6151,-2.8092,-121.1308,shake
2164684,0.8056,-0.0644,-0.0398,-26.4395,-17.4886,-124.4361,shake
2164704,0.1418,-0.0310,0.1204,-29.4090,-18.1909,-116.8636,shake
2164724,-0.7022,-0.0102,0.2683,-29.0120,1.0915,-82.5277,shake
2164744,-1.3301,0.0881,0.6297,-7.8975,14.1984,4.5333,shake
2164764,-0.7256,0.1096,0.6321,19.9269,24.2289,103.6402,shake
2164784,0.6169,-0.1208,0.5921,51.7666,29.3969,188.5333,shake
2164804,1.9577,-0.2317,0.0074,65.1559,9.0610,168.4799,shake
2164824,1.9577,-0.1741,-0.8369,46.6903,0.7557,85.1593,shake
2164844,1.9577,-0.1179,-1.3955,-4.8670,12.9236,-15.1003,shake
2164864,1.9577,-0.0815,-1.1086,-58.1952,0.6564,-98.4514,shake
2164884,1.2644,-0.0286,-0.4428,-83.7219,-19.2062,-130.0316,shake
2164904,0.4809,-0.0007,0.3201,-86.2716,-18.2749,-122.9323,shake
2164924,-0.1644,0.1160,1.0364,-60.2029,-8.7176,-84.7949,shake
2164944,-0.2850,0.1643,1.4698,-18.6609,13.5648,-21.1995,shake
2164964,-0.0774,0.0928,1.7286,37.0491,29.5038,40.3043,shake
2164984,0.3847,0.0635,1.1646,83.6750,12.8015,77.9990,shake
2165004,0.9191,0.0056,0.3899,107.3239,-6.3970,91.1287,shake
2165024,1.5166,-0.0688,-0.6484,97.5300,-9.4810,76.3578,shake
2165044,1.5759,-0.0913,-1.0805,62.7819,-5.4504,42.9532,shake
2165064,1.6440,-0.0906,-1.7426,21.5987,-11.9085,24.4570,shake
2165084,1.9553,-0.1706,-1.8571,-34.9357,-22.5268,-9.3293,shake
2165104,1.6855,-0.0754,-1.3518,-88.7067,-21.9085,-63.9858,shake
2165124,1.2153,-0.0183,-0.4892,-124.4471,-10.8627,-94.0621,shake
2165144,0.5534,-0.0576,1.0235,-126.3784,0.8625,-97.8026,shake
2165164,0.1831,0.0020,2.0227,-65.0120,124.5954,-54.5888,shake
2165184,-0.6011,0.1965,2.0876,15.4689,209.4045,2.8158,shake
2165204,0.1477,0.0798,1.6851,89.5834,15.0992,54.2356,shake
2165224,0.4113,-0.0498,0.4744,128.1254,10.2824,90.8463,shake
2165244,0.9707,-0.1582,-0.7590,117.7208,-30.6565,123.1287,shake
2165264,1.6171,-0.2451,-1.2119,76.3620,-249.5573,117.4112,shake
2165284,1.9577,-0.1514,-1.9123,-2.0578,-14.4581,34.7929,shake
2165304,1.9577,-0.0420,-1.8200,-84.5464,-28.7940,-53.9400,shake
2165324,1.5478,-0.0757,-0.6613,-126.7754,-25.6718,-100.7644,shake
2165344,0.7431,-0.1792,0.8623,-130.5464,17.2900,-106.6880,shake
2165364,0.0505,-0.0527,1.8279,-66.2258,100.5572,-61.7873,shake
2165384,-0.3375,0.1663,2.0876,13.5987,178.7862,9.2051,shake
2165404,0.4824,0.1187,1.4693,62.2552,0.3358,50.3196,shake
2165424,0.6271,0.0022,0.8775,94.6597,12.4885,56.4112,shake
2165444,0.8776,-0.0242,-0.1779,101.2628,18.0534,76.6936,shake
2165464,1.4274,-0.1643,-0.9643,79.2857,-20.5573,78.6326,shake
2165484,1.9577,0.1262,-1.9123,-13.9357,-249.5573,50.7318,shake
2165504,1.9577,-0.0784,-1.8664,-51.2563,-28.2978,-37.9018,shake
2165524,1.5156,-0.0469,-1.0542,-96.2563,-17.1222,-83.8713,shake
2165544,0.9028,0.0095,-0.0788,-118.6227,4.6106,-98.7262,shake
2165564,0.1435,-0.0986,1.2788,-95.5235,30.9083,-71.0926,shake
2165584,-0.1395,0.0439,1.8538,-27.0425,122.4274,-3.4667,shake
2165604,0.1330,0.0989,2.0435,40.4002,6.9999,56.4875,shake
2165624,0.8120,0.1084,1.0398,80.9422,7.9541,68.9532,shake
2165644,1.1132,0.0356,0.1485,92.8277,26.4351,73.1135,shake
2165664,1.5480,0.0352,-0.5532,77.6674,12.6641,62.3349,shake
2165684,1.8488,0.0322,-0.9629,46.5300,-161.1451,35.8158,shake
2165704,1.9577,-0.0012,-1.6281,-11.4242,-17.8321,-23.3369,shake
2165724,1.9577,-0.0684,-1.0693,-63.1876,-26.7634,-92.1766,shake
2165744,1.1337,-0.1167,-0.4804,-86.0120,-11.0153,-135.5812,shake
2165764,-0.0640,-0.0012,0.3055,-93.0120,-6.7329,-120.5430,shake
2165784,-0.6312,0.1050,1.2356,-62.0044,-8.6489,-51.2148,shake
2165804,-0.4524,0.0789,1.7093,-1.2410,52.5419,35.9303,shake
2165824,0.2722,0.0005,1.5342,59.2475,3.6870,97.6631,shake
2165844,0.9326,-0.0039,0.7320,98.4078,3.6183,105.0448,shake
2165864,1.4067,-0.0496,-0.4030,94.0033,-2.5649,95.9150,shake
2165884,1.7016,-0.0957,-0.9436,63.1178,-69.7710,68.1135,shake
2165904,1.9577,-0.1169,-1.5151,22.7742,-17.3436,29.2433,shake
2165924,1.9577,-0.1077,-1.8557,-34.3555,-12.1222,-24.0926,shake
2165944,1.6530,-0.0845,-1.4043,-88.7067,-6.1680,-77.2300,shake
2165964,0.9934,-0.0481,-0.5766,-120.8441,-9.1604,-96.1537,shake
2165984,0.4245,-0.0054,0.5723,-128.1800,-11.5573,-82.9323,shake
2166004,0.1809,0.1238,1.7859,-85.6914,22.8167,-41.7186,shake
2166024,0.2336,0.1626,2.0876,-8.6303,151.6030,-2.4209,shake
2166044,0.2504,0.0972,1.8521,54.2628,10.5801,28.9532,shake
2166064,0.3525,0.0752,1.1975,102.3468,4.4503,59.1669,shake
2166084,0.7468,-0.0210,0.0599,124.8887,4.2060,86.9074,shake
2166104,1.2263,-0.1902,-0.9060,106.1254,-15.5039,99.7700,shake
2166124,1.4924,-0.2158,-1.2177,70.8277,-249.5573,90.1135,shake
2166144,1.9577,-0.1890,-1.9123,-5.2868,-10.8550,19.9990,shake
2166164,1.9086,-0.0803,-1.7971,-75.9662,2.9770,-46.7186,shake
2166184,1.3359,-0.0032,-0.8686,-118.6303,5.3053,-79.6193,shake
2166204,0.7817,-0.1060,0.5406,-136.7754,3.2060,-84.6422,shake
2166224,0.5832,-0.0569,1.9412,-86.9738,37.0610,-58.3216,shake
2166244,0.3305,0.1489,2.0876,1.5834,233.9618,-31.9705,shake
2166264,0.1171,0.1401,1.7835,64.3162,23.0534,13.1898,shake
2166284,0.1171,0.0195,0.9966,108.5681,7.3893,53.9761,shake
2166304,0.6352,-0.0708,-0.2160,121.0720,-2.7405,94.8463,shake
2166324,1.3361,-0.2246,-1.0983,96.9345,-46.7711,102.2433,shake
2166344,1.9577,-0.3811,-1.9123,33.1941,-78.2520,70.6402,shake
2166364,1.9577,-0.0928,-1.9123,-44.4777,-10.5573,-4.0392,shake
2166384,1.7924,-0.0764,-1.4726,-110.2105,-3.9848,-75.2529,shake
2166404,1.0712,-0.1694,-0.1635,-145.5387,-2.7863,-103.0545,shake
2166424,0.5427,-0.1045,1.6756,-123.1113,11.5114,-81.0163,shake
2166444,0.3720,0.0418,2.0876,-37.3403,206.4809,-52.7720,shake
2166464,-0.2571,0.1714,2.0876,40.0338,5.5114,2.2662,shake
2166484,0.0041,0.0662,1.3924,93.2628,10.2518,41.9837,shake
2166504,0.3581,-0.0532,0.2571,119.1254,-8.4886,86.3120,shake
2166524,1.1162,-0.1301,-0.7763,106.5834,-29.4733,113.6173,shake
2166544,1.6579,-0.2021,-1.2216,66.8200,-249.5573,95.9761,shake
2166564,1.9577,-0.0754,-1.9123,-16.9357,-3.7634,13.9761,shake
2166584,1.9577,-0.0547,-1.8046,-98.5387,-4.8932,-65.8941,shake
2166604,1.4362,-0.1379,-0.6875,-144.0807,2.8167,-107.1308,shake
2166624,0.6523,-0.1777,1.0010,-148.5464,11.3282,-104.0697,shake
2166644,0.4550,-0.0300,2.0535,-76.0120,100.2442,-72.7338,shake
2166664,-0.0931,0.2036,2.0876,14.4765,207.9618,-34.4590,shake
2166684,-0.0418,0.1670,1.7391,72.2857,13.5343,22.2280,shake
2166704,0.1748,0.0476,0.8147,116.3239,2.0763,71.8692,shake
2166724,0.8374,-0.0166,-0.4218,119.7742,-7.7329,107.3578,shake
2166744,1.4882,-0.1101,-1.2014,87.3773,-118.7405,99.5562,shake
2166764,1.6164,-0.0647,-1.8598,19.7971,-104.2749,47.9379,shake
2166784,1.9577,-0.0530,-1.9123,-52.9586,-11.3054,-23.5201,shake
2166804,1.6088,-0.0320,-1.3567,-110.3708,-10.8321,-77.2606,shake
2166824,1.0141,-0.0872,-0.1567,-144.1113,-10.9237,-94.0621,shake
2166844,0.5505,-0.1294,1.6692,-119.5540,8.6183,-74.2224,shake
2166864,0.2312,0.1165,2.0876,-33.4700,196.9083,-43.2987,shake
2166884,-0.4576,0.2197,2.0876,41.2399,6.6717,21.8921,shake
2166904,0.2199,0.1116,1.4715,92.4765,5.6717,58.6020,shake
2166924,0.5988,0.0230,0.5025,124.1941,9.9312,89.8768,shake
2166944,1.1860,-0.1279,-0.6113,117.2094,-4.1680,100.6555,shake
2166964,1.5290,-0.1746,-1.2504,79.1178,-185.7634,82.3730,shake
2166984,1.8798,-0.1228,-1.9123,13.0414,-12.4352,25.4188,shake
2167004,1.9365,-0.0666,-1.9123,-66.5387,4.1908,-33.3751,shake
2167024,1.4348,-0.0386,-1.2849,-121.5082,8.4580,-73.9323,shake
2167044,0.8686,-0.0749,0.0828,-152.8899,-3.0459,-86.3445,shake
2167064,0.5568,-0.1482,1.8235,-117.0349,7.0076,-66.0697,shake
2167084,0.3364,0.0313,2.0876,-27.5998,250.7099,-42.2300,shake
2167104,-0.0091,0.1113,1.9361,56.4842,20.4961,25.8234,shake
2167124,0.0681,0.0501,1.1519,106.2857,-1.5420,73.3272,shake
2167144,0.6813,-0.0222,0.1429,124.4689,-8.7634,106.3349,shake
2167164,1.3422,-0.1929,-0.8547,105.2628,-19.5955,110.3578,shake
2167184,1.6689,-0.2388,-1.1997,67.7284,-227.4810,88.8158,shake
2167204,1.9577,-0.1963,-1.9123,-1.3021,4.0076,23.3807,shake
2167224,1.9577,-0.0581,-1.9123,-87.1494,-3.3283,-48.0163,shake
2167244,1.4431,-0.1143,-1.0129,-137.3555,-8.7253,-88.8178,shake
2167264,0.8308,-0.2288,0.4974,-152.5387,-11.6718,-99.1461,shake
2167284,0.4340,-0.0017,1.8382,-108.6685,19.2824,-77.3827,shake
2167304,0.0957,0.1848,2.0876,-29.7677,250.7099,-41.2224,shake
2167324,-0.2515,0.0930,2.0876,44.6521,16.3435,22.8616,shake
2167344,0.1354,0.0491,1.5320,105.8124,18.0915,63.4188,shake
2167364,0.5373,-0.1011,0.2703,139.2170,17.6488,97.5868,shake
2167384,1.1223,-0.2122,-0.9704,119.5681,-22.9237,119.1898,shake
2167404,1.4204,-0.2390,-1.2929,76.5147,-249.5573,107.4112,shake
2167424,1.9577,-0.0903,-1.9123,-6.5006,-15.2672,39.0753,shake
2167444,1.9577,-0.0630,-1.9123,-91.7525,-4.2520,-46.8560,shake
2167464,1.7480,-0.2878,-0.9470,-145.4700,0.9465,-111.7644,shake
2167484,0.8815,-0.3203,0.6431,-156.5464,-2.8703,-125.3827,shake
2167504,0.4020,0.0398,1.8250,-102.9815,20.7099,-92.8636,shake
2167524,0.1130,0.2224,2.0779,-32.2029,172.1679,-53.0926,shake
2167544,-0.3323,0.1419,2.0876,36.3544,88.5114,-8.2453,shake
2167564,0.0249,0.0383,1.6956,105.7666,11.6641,42.1287,shake
2167584,0.4472,-0.0325,0.2840,144.0414,2.8015,87.6936,shake
2167604,1.1130,-0.1401,-1.0280,127.3010,-39.7176,108.3196,shake
2167624,1.3764,-0.2849,-1.2409,79.2781,-249.5573,100.6631,shake
2167644,1.9577,-0.1389,-1.9123,-16.2868,-33.4123,9.5562,shake
2167664,1.9577,-0.0542,-1.9123,-97.6532,-2.8398,-74.7338,shake
2167684,1.2653,-0.1352,-0.7717,-145.4395,16.5190,-119.6193,shake
2167704,0.3850,-0.1401,0.8384,-153.7983,3.1373,-110.9018,shake
2167724,0.2453,0.0891,1.9537,-92.4242,156.4274,-69.5125,shake
2167744,0.3151,0.0491,1.4412,-11.2487,189.5267,-8.5430,shake
2167764,-0.3023,0.1475,2.0876,81.6597,47.1144,68.1364,shake
2167784,0.1972,-0.0779,1.2190,137.0414,6.8473,109.8387,shake
2167804,0.9235,-0.2849,-0.2727,153.0338,-20.5955,139.6555,shake
2167824,1.4743,-0.3083,-1.2485,116.4994,-249.5573,131.8921,shake
2167844,1.9577,-0.0930,-1.9123,44.5452,-34.7940,67.2814,shake
2167864,1.9577,-0.0369,-1.9123,-48.9204,-0.7711,0.8005,shake
2167884,1.9577,-0.1790,-1.2995,-112.6151,14.3205,-75.2224,shake
2167904,1.1430,-0.2644,0.0267,-138.6532,23.3893,-111.1919,shake
2167924,0.3137,0.0335,1.3636,-115.5922,10.1908,-84.1461,shake
2167944,0.3493,0.0869,2.0345,-49.2181,129.0076,-49.6117,shake
2167964,-0.3621,0.1428,2.0876,29.2933,217.5954,-12.8484,shake
2167984,-0.0816,-0.0041,1.6338,100.1483,9.4656,56.4570,shake
2168004,0.2966,-0.1738,0.2561,143.2628,-15.0459,107.1516,shake
2168024,1.0285,-0.2476,-1.2107,118.9269,-98.7558,134.6555,shake
2168044,1.9577,-0.3291,-1.9123,44.9422,-153.0611,99.8845,shake
2168064,1.9577,-0.0176,-1.9123,-35.9204,-7.3436,14.8921,shake
2168084,1.9577,-0.1614,-1.6359,-116.1113,16.5190,-79.2377,shake
2168104,1.1813,-0.2844,-0.2780,-148.6380,19.7938,-121.4056,shake
2168124,0.3486,0.0200,1.1136,-140.1342,11.5648,-101.5964,shake
2168144,0.3676,0.0867,1.9495,-79.8746,116.8549,-59.9476,shake
2168164,-0.4664,0.2527,2.0876,-3.4090,250.7099,-33.2911,shake
2168184,-0.2696,0.0278,2.0876,100.9803,8.7786,47.5791,shake
2168204,0.1774,-0.1016,0.5787,156.1178,-2.9161,110.9837,shake
2168224,0.9160,-0.2144,-0.9406,139.2323,-67.0688,150.0295,shake
2168244,1.4631,-0.1545,-1.1796,80.6368,-249.5573,130.4265,shake
2168264,1.9577,-0.1589,-1.9123,-16.2334,-11.3359,13.2738,shake
2168284,1.9577,-0.2742,-1.8403,-95.2716,25.4809,-73.7796,shake
2168304,1.3227,-0.2344,-0.9192,-139.9967,21.2595,-116.8941,shake
2168324,0.5229,-0.0703,0.2666,-154.1342,-13.8245,-111.2453,shake
2168344,0.3139,-0.0098,1.6856,-112.7754,11.3435,-67.4896,shake
2168364,0.2534,0.1135,2.0876,-25.4242,250.7099,-34.0621,shake
2168384,0.0627,0.0657,2.0652,66.6979,20.6030,37.6555,shake
2168404,0.2143,0.0193,1.0894,124.3162,1.4885,85.7700,shake
2168424,0.9775,-0.0435,-0.3403,125.5147,-17.1451,115.9303,shake
2168444,1.8073,-0.1616,-1.0293,88.7666,-123.1756,94.8616,shake
2168464,1.9577,-0.1340,-1.9123,18.3086,-64.8092,20.7776,shake
2168484,1.9577,-0.0281,-1.9123,-75.2334,-1.2138,-66.2987,shake
2168504,1.3830,-0.1580,-1.2185,-132.9891,-2.5573,-113.5583,shake
2168524,0.6057,-0.1377,0.1556,-158.3326,6.0534,-126.2987,shake
2168544,-0.0411,-0.0417,1.6360,-121.5235,65.4961,-88.0087,shake
2168564,-0.7605,0.2244,2.0876,-30.9280,250.7099,-29.1766,shake
2168584,0.0129,0.1152,2.0876,68.5376,0.3664,83.1135,shake
2168604,0.7907,0.0134,1.2244,119.1941,4.5190,102.1135,shake
2168624,1.2499,-0.0500,-0.0879,126.3010,-3.8550,96.1974,shake
2168644,1.5954,-0.1433,-0.9939,95.0796,-64.2749,71.7165,shake
2168664,1.2473,-0.0830,-1.2785,48.9346,-249.5573,59.3349,shake
2168684,1.9116,-0.0225,-1.9123,-29.0654,-24.3741,2.8539,shake
2168704,1.9577,-0.0015,-1.8344,-104.8135,1.9007,-67.7338,shake
2168724,1.2326,-0.1431,-0.7097,-154.7448,21.8931,-112.4209,shake
2168744,0.3769,-0.0937,1.0674,-160.7677,7.8778,-101.8026,shake
2168764,0.4052,-0.0164,2.0876,-81.0044,250.7099,-68.7567,shake
2168784,0.0039,0.1294,2.0876,29.3086,12.1450,-1.1003,shake
2168804,-0.0093,0.0481,1.9922,111.4155,15.5801,46.8768,shake
2168824,0.2209,-0.0720,0.4683,156.7590,9.9694,97.1211,shake
2168844,0.8603,-0.1162,-1.0048,137.8506,-46.7787,129.3349,shake
2168864,1.4387,-0.1392,-1.2722,83.9651,-249.5573,117.8692,shake
2168884,1.9577,0.0256,-1.9123,-9.6914,-8.4352,25.1364,shake
2168904,1.9577,-0.0742,-1.7295,-94.6074,24.6641,-59.7796,shake
2168924,1.2436,-0.3420,-0.2966,-126.2181,27.8473,-108.0774,shake
2168944,0.1215,-0.0825,1.0198,-100.5158,8.7404,-89.3293,shake
2168964,-0.2872,0.2068,1.4466,-39.8822,-3.2138,-11.8407,shake
2168984,0.3833,0.1509,1.5169,8.9498,7.9999,62.4646,shake
2169004,1.1232,0.1272,1.4126,57.9651,16.0457,64.4952,shake
2169024,1.2802,0.1458,0.5870,95.1941,0.7251,57.4875,shake
2169044,1.6728,0.0984,-0.4465,91.8887,-22.4199,53.8692,shake
2169064,1.9577,0.0710,-1.3725,57.6139,-30.5955,24.7547,shake
2169084,1.9577,-0.0076,-1.6684,-2.4700,-36.4886,-45.3369,shake
2169104,1.4382,-0.1028,-1.1982,-49.5845,-31.7711,-101.3903,shake
2169124,0.5659,-0.0298,-0.7307,-73.0197,-26.0382,-109.7109,shake
2169144,-0.1656,0.1050,-0.0254,-87.8288,-34.2291,-80.4361,shake
2169164,-0.2613,0.0708,0.9104,-80.6303,-29.4428,-36.7644,shake
2169184,-0.0940,0.0737,1.7535,-34.9967,99.5190,11.0753,shake
2169204,-0.1055,0.0686,2.0876,45.4613,250.7099,63.5333,shake
2169224,0.6967,-0.0366,1.4986,107.6521,24.5190,99.5181,shake
2169244,1.1035,-0.0537,0.0691,124.2475,9.0915,95.7852,shake
2169264,1.4731,-0.1125,-0.6884,102.2704,-20.9619,80.5028,shake
2169284,1.6635,-0.1897,-1.1499,73.0643,-90.3054,58.4341,shake
2169304,1.9577,-0.3577,-1.9123,16.2246,-44.1527,29.4646,shake
2169324,1.9289,-0.2024,-1.9123,-53.1113,9.1373,-15.6804,shake
2169344,1.4638,-0.2107,-1.4414,-110.4471,-2.7024,-63.3827,shake
2169364,0.8991,-0.1462,-0.4316,-135.6532,-8.4657,-65.0087,shake
2169384,0.6804,0.0862,0.6980,-134.8822,-10.9161,-45.4209,shake
2169404,0.8085,0.1909,1.9097,-91.2716,34.0763,-21.1461,shake
2169424,0.8637,0.1917,2.0876,-15.6609,200.0686,-12.8560,shake
2169444,0.0947,0.2346,2.0876,68.1941,77.1450,-2.6270,shake
2169464,0.2409,0.0405,1.0457,127.0796,-23.9390,34.9150,shake
2169484,0.5212,-0.0881,-0.6047,135.3315,-29.6871,76.4417,shake
2169504,1.0817,-0.2280,-1.3833,95.4689,-141.7711,97.8387,shake
2169524,1.9577,-0.3486,-1.9123,29.7742,-29.3970,63.2891,shake
2169544,1.9577,-0.1125,-1.9123,-63.9967,-12.6260,-10.8254,shake
2169564,1.4816,-0.1216,-1.5295,-133.6456,10.0610,-76.1308,shake
2169584,0.8576,-0.0388,-0.2761,-172.6990,29.9847,-89.2529,shake
2169604,0.4499,-0.0195,1.5584,-153.3097,30.2366,-60.9629,shake
2169624,0.7333,0.1709,2.0876,-69.6074,249.6793,-43.9705,shake
2169644,0.3256,0.1834,2.0876,16.7666,34.5419,-22.9094,shake
2169664,-0.0298,0.1382,2.0876,96.3697,49.3740,6.9074,shake
2169684,-0.0389,-0.0727,1.0039,154.3315,26.4122,73.1440,shake
2169704,0.6960,-0.1621,-0.5273,160.7590,-19.1451,125.7623,shake
2169724,1.4931,-0.3276,-1.2031,127.9193,-243.1756,126.9532,shake
2169744,1.9577,-0.2202,-1.9123,50.0338,-42.6489,54.3654,shake
2169764,1.9577,-0.0850,-1.9123,-61.2639,5.7557,-31.1995,shake
2169784,1.8149,-0.2146,-1.7663,-136.4624,23.4427,-101.4361,shake
2169804,0.7338,-0.2082,-0.2395,-173.6151,6.9923,-125.4209,shake
2169824,0.1472,0.0557,1.3946,-150.5845,-12.3665,-79.0239,shake
2169844,0.5893,-0.0207,2.0876,-79.9738,244.8015,-46.5048,shake
2169864,0.1022,0.0435,2.0876,15.4384,46.7099,-12.1003,shake
2169884,-0.2659,0.0481,2.0876,99.0414,42.5648,25.1516,shake
2169904,-0.2530,-0.0991,0.8716,153.4155,2.1526,93.5181,shake
2169924,0.6874,-0.2480,-0.5993,158.6674,-26.8779,152.4494,shake
2169944,1.4968,-0.2712,-1.1836,117.6521,-249.5573,151.1135,shake
2169964,1.9577,-0.1926,-1.9123,29.8888,-0.9085,50.3043,shake
2169984,1.9577,-0.0950,-1.9123,-68.6227,31.0839,-45.3369,shake
2170004,1.5449,-0.2717,-1.2707,-130.8670,39.9541,-103.6117,shake
2170024,0.6403,-0.1797,0.0804,-149.3250,17.9236,-110.0010,shake
2170044,0.0942,0.0654,1.4331,-110.6151,15.4809,-57.7720,shake
2170064,0.1833,0.2449,1.9573,-28.2334,195.5725,6.6326,shake
2170084,0.3144,0.2437,2.0876,42.2323,24.7175,69.5410,shake
2170104,1.2246,0.2117,1.2137,88.6826,18.5801,73.4875,shake
2170124,1.6611,0.1426,0.0855,102.4918,-0.5955,62.7089,shake
2170144,1.9577,0.0850,-0.7153,80.3544,-49.8779,35.6097,shake
2170164,1.9577,0.0811,-0.9401,36.6216,-249.5573,0.6326,shake
2170184,1.9577,0.0149,-1.1687,-19.1036,-66.2214,-75.5964,shake
2170204,1.4069,-0.1160,-0.6504,-46.7525,-70.3130,-121.0239,shake
2170224,0.6003,-0.1399,-0.3486,-61.3555,-53.7863,-137.9629,shake
2170244,-0.6768,-0.1602,0.3299,-60.4853,-35.7940,-112.1079,shake
2170264,-1.2652,-0.1116,0.7142,-42.3021,-23.6107,-42.1537,shake
2170284,-1.3011,-0.0942,0.9541,-17.3708,6.3282,50.2662,shake
2170304,-0.5159,-0.0557,1.0188,20.3239,37.1526,135.6020,shake
2170324,0.6210,-0.1067,0.5513,49.3620,45.4732,196.4875,shake
2170344,1.9577,-0.0811,-0.1084,54.8124,22.2671,173.1898,shake
2170364,1.9577,-0.0063,-0.7280,35.0262,15.8931,78.4494,shake
2170384,1.9577,0.2681,-1.1477,-9.5693,13.1144,-33.0697,shake
2170404,1.9577,0.1257,-0.7338,-38.1342,-2.9924,-91.8560,shake
2170424,1.3681,-0.0137,-0.3486,-49.6074,-26.4352,-114.7033,shake
2170444,0.6315,0.0754,-0.0925,-52.9204,-34.3207,-109.2529,shake
2170464,-0.0579,0.1375,0.3963,-57.0883,-12.9085,-91.5201,shake
2170484,-0.8284,0.0112,1.3162,-30.6838,9.8778,-47.8636,shake
2170504,-0.9229,0.1394,1.6416,35.7971,144.4274,46.0677,shake
2170524,0.0888,0.0037,0.9461,83.7055,45.4580,164.1516,shake
2170544,1.4743,-0.1711,0.1700,106.8353,25.1450,171.0295,shake
2170564,1.9577,-0.1287,-0.7570,84.9422,-106.6718,111.0371,shake
2170584,1.9577,-0.0286,-1.6794,35.4155,-9.7634,28.9379,shake
2170604,1.9577,-0.1497,-1.9123,-34.5464,-1.8321,-49.3598,shake
2170624,1.6989,-0.1780,-1.5178,-89.8059,-1.5115,-96.6957,shake
2170644,1.0122,-0.0842,-0.8269,-126.0654,-19.5649,-110.4896,shake
2170664,0.4533,-0.0652,0.3221,-139.3479,-28.8932,-105.7491,shake
2170684,-0.0499,0.0042,1.5708,-108.3097,-14.5039,-75.9323,shake
2170704,-0.1541,0.1658,1.9864,-35.0731,250.7099,-21.6422,shake
2170724,-0.2737,0.1553,2.0876,37.5300,26.5572,58.3196,shake
2170744,0.3632,0.1033,1.7632,97.5987,24.4656,89.1135,shake
2170764,0.8972,-0.0290,0.6011,137.4918,13.2900,103.7242,shake
2170784,1.5078,-0.1704,-0.5962,126.6139,-16.6642,100.9608,shake
2170804,1.6921,-0.2588,-1.1032,93.2552,-249.5573,70.0371,shake
2170824,1.9577,-0.2541,-1.9123,22.4460,-20.6871,12.4723,shake
2170844,1.9577,-0.1860,-1.9123,-67.5082,-17.1985,-42.6880,shake
2170864,1.5139,-0.1404,-1.6655,-126.2410,2.6106,-92.1995,shake
2170884,0.7878,-0.1753,-0.5600,-168.4166,5.8396,-111.0468,shake
2170904,0.0463,-0.2871,1.4004,-163.5616,2.7938,-81.1461,shake
2170924,0.0803,0.0137,2.0601,-79.1800,250.7099,-40.5201,shake
2170944,-0.0652,0.1614,2.0876,16.6292,10.5419,36.6784,shake
2170964,0.2880,0.1697,2.0876,89.3849,27.5419,66.6020,shake
2170984,0.5534,0.0391,1.0203,138.9498,24.5343,93.6707,shake
2171004,1.2336,-0.0835,-0.3103,141.1788,2.1144,116.1440,shake
2171024,1.6960,-0.2244,-1.0673,112.6521,-240.1756,91.3272,shake
2171044,1.9577,-0.1023,-1.9123,36.9956,-38.6031,31.1822,shake
2171064,1.9577,-0.1531,-1.9123,-65.2181,-24.6718,-34.3674,shake
2171084,1.6958,-0.1750,-1.6723,-129.5998,-0.1833,-92.8026,shake
2171104,0.8415,-0.0969,-0.6108,-170.4624,27.2595,-118.3674,shake
2171124,0.1069,-0.1384,1.2122,-174.2334,18.1908,-100.5506,shake
2171144,0.0146,-0.0937,2.0589,-84.2868,250.7099,-74.6041,shake
2171164,-0.1568,0.0852,2.0876,42.2094,-1.0230,38.7242,shake
2171184,0.3488,0.1123,1.9527,123.3468,21.6259,83.2509,shake
2171204,0.6647,0.0164,0.4673,157.8658,21.6106,109.8158,shake
2171224,1.3879,-0.1577,-0.6948,143.2170,-24.0306,118.4570,shake
2171244,1.7602,-0.1665,-1.0358,103.3391,-249.5573,94.3959,shake
2171264,1.9577,-0.0398,-1.9123,29.3849,-2.1680,3.9837,shake
2171284,1.9577,-0.0991,-1.9123,-65.5769,-4.1069,-63.2224,shake
2171304,1.2314,-0.2546,-1.2934,-117.4319,-26.7100,-100.7186,shake
2171324,0.4577,-0.1453,-0.1137,-143.9891,-22.1909,-95.9400,shake
2171344,0.0649,-0.0488,1.2837,-132.5006,5.4122,-52.6651,shake
2171364,0.2575,-0.0146,2.0876,-60.2868,250.7099,-21.3903,shake
2171384,-0.3265,0.0471,2.0876,39.4002,9.4198,34.5181,shake
2171404,0.2587,0.0601,1.7452,108.8124,8.9847,75.7013,shake
2171424,0.6574,-0.0347,0.4903,137.6521,16.7099,103.3196,shake
2171444,1.2768,-0.1733,-0.4592,125.3086,13.5496,109.9379,shake
2171464,1.7722,-0.1331,-1.0737,92.1712,-128.5955,87.9226,shake
2171484,1.9577,-0.1931,-1.9123,44.8353,77.9160,35.7623,shake
2171504,1.9577,-0.2031,-1.9123,-53.0349,40.9007,-25.2377,shake
2171524,1.6354,-0.1831,-1.8068,-135.4624,-1.1146,-90.7567,shake
2171544,1.0715,-0.1560,-0.5434,-182.2410,-23.3665,-119.1690,shake
2171564,0.3181,-0.2151,1.5457,-176.8593,-14.8703,-109.4056,shake
2171584,0.0053,-0.1265,2.0876,-69.1342,250.7099,-92.0163,shake
2171604,-0.5896,0.2070,2.0876,48.7361,12.4580,33.7623,shake
2171624,0.0986,0.0679,1.7347,112.8887,31.0305,101.2509,shake
2171644,0.6245,-0.0281,0.3479,143.0796,23.8625,129.4265,shake
2171664,1.3967,-0.2124,-0.7304,124.5147,-16.9085,142.9913,shake
2171684,1.7985,-0.2935,-1.0246,82.4613,-249.5573,123.9226,shake
2171704,1.9577,-0.1460,-1.9123,-4.5006,4.9770,4.9913,shake
2171724,1.9055,-0.1296,-1.9123,-88.5693,9.3053,-71.8636,shake
2171744,1.1335,-0.1731,-1.0310,-143.7601,-0.2978,-100.7415,shake
2171764,0.6059,-0.2046,0.4512,-159.7448,-10.0764,-98.8865,shake
2171784,0.2153,-0.0273,1.7173,-121.3021,33.2900,-63.4361,shake
2171804,0.0942,0.0205,2.0876,-34.0273,250.7099,-33.0545,shake
2171824,0.1430,0.0264,2.0876,53.4613,17.8091,38.2356,shake
2171844,0.2753,0.0322,1.4908,111.4536,31.2060,67.9608,shake
2171864,0.5468,-0.0281,0.1275,127.8582,31.3511,104.0371,shake
2171884,1.3674,-0.1841,-0.7136,103.6674,3.4045,112.9379,shake
2171904,1.8461,-0.2297,-1.0634,70.5987,-222.9466,80.2356,shake
2171924,1.9506,-0.0549,-1.9013,1.3697,0.6717,5.9684,shake
2171944,1.7570,-0.0789,-1.7404,-73.6151,8.4580,-57.2071,shake
2171964,1.2275,-0.1548,-0.8415,-114.0884,6.0534,-80.6651,shake
2171984,0.6267,-0.1609,0.3968,-125.0883,3.1526,-69.2987,shake
2172004,0.4484,0.0901,1.4266,-90.2105,-6.4810,-30.4209,shake
2172024,0.6882,0.0801,2.0118,-39.6914,18.4961,-6.1613,shake
2172044,0.8020,0.0457,2.0876,28.0185,82.3664,-7.3522,shake
2172064,0.4760,0.0696,1.4170,83.8582,22.9465,11.2891,shake
2172084,0.3945,-0.0425,0.4161,114.7590,13.4885,46.4265,shake
2172104,0.7937,-0.1343,-0.7468,106.0414,-12.5955,79.1364,shake
2172124,1.3835,-0.1763,-1.2016,67.7895,-224.1222,85.4036,shake
2172144,1.9577,-0.1318,-1.9123,-0.3784,-27.0382,12.6020,shake
2172164,1.7072,-0.0569,-1.6980,-67.2639,-2.3054,-48.4209,shake
2172184,1.0883,-0.0789,-1.0002,-108.3326,12.8244,-66.6499,shake
2172204,0.6154,-0.1196,0.2183,-128.6303,-10.3436,-49.2148,shake
2172224,0.8239,-0.0789,1.5850,-100.4395,-40.9085,-17.7644,shake
2172244,1.2292,0.1140,2.0876,-36.5006,-3.7100,-18.5506,shake
2172264,0.8566,0.0996,2.0876,25.4613,38.9160,-32.4667,shake
2172284,0.0944,0.0671,1.4739,76.1025,28.1679,-9.6804,shake
2172304,0.1791,-0.0359,0.5747,115.4994,-3.2978,44.4646,shake
2172324,0.7663,-0.1186,-0.6838,116.7132,-11.6489,75.4036,shake
2172344,1.3493,-0.2136,-1.9123,84.5605,-0.1985,77.5791,shake
2172364,1.8850,-0.1560,-1.9123,16.1559,6.8320,53.1364,shake
2172384,1.9577,-0.0442,-1.9123,-64.0655,-2.5497,-24.9781,shake
2172404,1.4321,-0.0400,-1.2089,-117.8593,-23.6413,-74.6117,shake
2172424,1.0495,-0.1765,0.2132,-146.6761,-17.7711,-74.9858,shake
2172444,0.8674,-0.0718,1.7137,-117.6456,17.9923,-59.2071,shake
2172464,0.6311,0.0647,2.0876,-44.5082,101.0381,-48.5048,shake
2172484,0.1662,0.1553,2.0876,28.4689,189.9847,-27.3674,shake
2172504,0.0490,0.0996,1.6175,84.0872,3.6488,21.7242,shake
2172524,0.2578,-0.0413,0.7434,117.6826,6.1373,64.6707,shake
2172544,0.7456,-0.0493,-0.3149,119.3697,10.0610,94.2585,shake
2172564,1.3503,-0.2136,-0.9980,94.9803,-13.7482,92.8692,shake
2172584,1.4685,-0.2578,-1.2434,59.2246,-249.5573,79.5410,shake
2172604,1.9577,-0.2261,-1.9123,-15.0349,-4.4123,21.8616,shake
2172624,1.9501,-0.1479,-1.8383,-86.5311,-16.3741,-45.2606,shake
2172644,1.5205,-0.1262,-1.0517,-130.3326,-24.9161,-78.5583,shake
2172664,1.1606,-0.1611,0.1480,-157.3937,-5.2367,-83.0926,shake
2172684,0.8723,-0.0854,1.6993,-127.5540,10.8549,-73.8102,shake
2172704,0.5375,0.1689,2.0876,-54.9357,117.7862,-68.6270,shake
2172724,0.0361,0.1873,2.0876,11.4994,193.1450,-49.6957,shake
2172744,-0.1551,0.1335,2.0037,69.9193,7.4961,4.4036,shake
2172764,0.1130,0.0745,1.1307,115.2552,17.8244,58.8997,shake
2172784,0.6545,-0.0464,0.1980,130.7513,14.0992,82.5486,shake
2172804,1.0895,-0.1623,-0.6364,116.5910,-1.1069,81.7013,shake
2172824,1.4104,-0.2622,-1.1262,86.0490,-49.9008,65.9532,shake
2172844,1.3920,-0.2529,-1.2702,48.1254,-249.5573,58.5410,shake
2172864,1.7148,-0.1894,-1.9123,-7.2639,6.3205,25.2585,shake
2172884,1.9577,-0.1028,-1.9123,-81.9433,4.3664,-28.9018,shake
2172904,1.6206,-0.0515,-1.0720,-132.7677,-16.9695,-78.9934,shake
2172924,1.0837,-0.1645,0.0996,-155.5540,-9.1604,-91.7415,shake
2172944,0.6840,0.0325,1.4253,-134.7983,1.3893,-73.5048,shake
2172964,0.5256,0.1314,2.0411,-81.7219,71.3053,-59.7186,shake
2172984,0.3303,0.1126,2.0876,-12.5082,250.7099,-63.7338,shake
2173004,-0.2703,0.0906,2.0876,65.3315,30.4427,-15.0392,shake
2173024,-0.3714,-0.1926,1.3496,134.6979,33.7404,61.8387,shake
2173044,0.2622,-0.2617,-0.1630,160.4536,9.0381,141.4035,shake
2173064,1.3857,-0.2927,-1.1535,133.7590,-129.5573,160.5410,shake
2173084,0.9189,0.0745,0.4468,63.6216,-153.4962,86.5562,shake
2173104,1.9577,-0.2676,-1.9123,-6.5693,8.6870,8.6249,shake
2173124,1.9577,-0.1067,-1.7480,-76.6151,36.4351,-53.0163,shake
2173144,1.2880,-0.0320,-0.8786,-113.1647,16.9083,-82.1613,shake
2173164,0.7644,-0.0242,-0.0109,-121.9586,-12.0459,-76.4667,shake
2173184,0.5710,0.1316,0.6875,-116.2181,-14.9848,-43.8407,shake
2173204,0.8681,0.1335,1.6045,-91.2029,-12.3054,-31.5812,shake
2173224,0.9404,0.0881,2.0876,-33.1952,87.9389,-47.0545,shake
2173244,0.1206,0.1794,2.0876,43.2399,225.3587,-39.9934,shake
2173264,-0.1944,0.1287,1.3106,98.3162,9.3664,24.8539,shake
2173284,0.2739,-0.0727,0.3299,119.9116,-14.0077,79.3425,shake
2173304,1.0319,-0.1924,-0.4848,111.8200,-14.3436,102.1746,shake
2173324,1.5439,-0.2781,-1.0617,91.4307,-73.3283,93.5257,shake
2173344,1.9577,-0.7449,-1.9123,43.9880,165.7480,36.4417,shake
2173364,1.8359,-0.0193,-1.9123,-43.0578,-0.3207,-13.8178,shake
2173384,1.4777,-0.0356,-1.2832,-95.3097,-1.5802,-51.6957,shake
2173404,1.0029,0.0061,-0.3840,-120.7906,9.5038,-58.0163,shake
2173424,0.8088,0.1052,0.6858,-131.8593,12.1450,-49.1919,shake
2173444,0.8022,0.1316,1.8953,-96.9586,11.1602,-51.2377,shake
2173464,0.5263,0.0994,2.0876,-16.9433,250.7099,-58.3064,shake
2173484,-0.2288,0.1841,2.0876,69.6063,10.3511,3.7623,shake
2173504,-0.0638,0.0254,1.2644,123.7742,28.4274,71.6555,shake
2173524,0.5632,-0.1033,0.0022,140.0414,9.0228,118.3654,shake
2173544,1.4006,-0.2100,-0.8120,116.6368,-33.0230,115.8005,shake
2173564,1.6962,-0.3313,-1.0954,84.5147,-173.1985,82.0295,shake
2173584,1.8056,-0.2222,-1.7297,35.5834,17.7862,42.7471,shake
2173604,1.9577,-0.1050,-1.9123,-35.4319,2.8625,2.8310,shake
2173624,1.7238,-0.0828,-1.3847,-94.2410,-1.6031,-51.6117,shake
2173644,1.1303,-0.0251,-0.6023,-128.3708,0.0457,-73.4361,shake
2173664,0.9125,0.2422,0.3338,-154.4471,19.5954,-66.0087,shake
2173684,0.9177,0.0112,1.8973,-150.1723,37.6870,-83.8407,shake
2173704,0.4038,-0.1370,2.0876,-61.9509,250.7099,-134.2224,shake
2173724,-0.8165,0.0427,2.0876,72.6597,23.1450,-49.9552,shake
2173744,-0.7747,-0.1692,1.4869,160.1483,23.1602,66.3654,shake
2173764,0.0187,-0.3843,-0.0866,197.6521,-7.9390,183.7776,shake
2173784,1.2641,-0.5117,-1.0747,162.2017,-249.5573,214.1058,shake
2173804,1.9577,-0.3005,-1.9123,70.1941,-26.9466,96.1364,shake
2173824,1.9577,-0.2051,-1.6110,0.7361,43.0228,-5.1384,shake
2173844,1.8244,-0.2546,-1.2421,-29.5158,63.7175,-57.0850,shake
2173864,1.4958,-0.1787,-1.0102,-59.8899,71.1831,-70.4743,shake
2173884,0.8168,-0.1555,-0.5983,-78.9051,15.2366,-79.8789,shake
2173904,0.4440,-0.0505,-0.2321,-83.9510,-44.7634,-46.3598,shake
2173924,0.6728,-0.1055,0.2593,-81.6914,-52.0382,-4.3522,shake
2173944,0.9482,0.1135,0.6446,-67.8364,-37.3207,7.0600,shake
2173964,1.1381,0.2820,0.8890,-62.3250,-12.7634,-9.0621,shake
2173984,1.0532,0.1172,1.6158,-48.8593,17.0457,-32.2453,shake
2174004,0.5278,0.0757,2.0064,20.1788,108.7022,-32.8941,shake
2174024,0.2065,0.1094,1.2959,90.8964,-14.1527,17.3120,shake
2174044,0.5390,0.0415,0.0032,108.4994,-21.9237,49.5333,shake
2174064,0.9711,-0.0515,-0.7929,89.8506,-34.2520,57.3959,shake
2174084,1.2243,-0.1294,-1.1960,48.2857,-132.4275,47.6249,shake
2174104,1.4360,-0.0823,-1.3994,5.4078,-24.2062,22.2967,shake
2174124,1.5510,0.0535,-1.5119,-44.7296,5.9312,-9.2224,shake
2174144,1.3972,-0.0083,-0.7966,-96.3555,34.2519,-41.9552,shake
2174164,0.9611,-0.2026,0.6724,-110.2563,31.4045,-60.3598,shake
2174184,0.4978,-0.0486,1.7947,-51.6532,3.3435,-37.5583,shake
2174204,0.4445,0.1047,1.6021,28.9116,-18.6718,9.9379,shake
2174224,0.7980,0.1594,0.6211,64.4842,-4.1298,32.7471,shake
2174244,0.9416,0.0713,-0.0925,63.5834,0.8091,37.3501,shake
2174264,1.1579,-0.0110,-0.7483,55.0491,-11.0611,46.8463,shake
2174284,1.7131,-0.0073,-1.5869,10.7819,-4.6565,39.0600,shake
2174304,1.9577,0.0833,-1.4089,-57.2181,5.2442,-28.6193,shake
2174324,1.3447,0.0271,-0.4260,-96.1494,-1.2367,-83.6499,shake
2174344,0.6706,-0.0176,0.8240,-88.5540,-3.5955,-87.2300,shake
2174364,0.1699,0.0825,1.6180,-30.2410,24.4427,-49.7109,shake
2174384,-0.0152,0.0967,1.4356,36.6292,17.8091,17.1822,shake
2174404,0.5100,0.0908,0.8162,69.9956,-11.0917,55.3578,shake
2174424,1.0666,0.0728,0.1729,75.8887,-21.9466,54.4723,shake
2174444,1.3269,0.0371,-0.4611,63.5300,-1.8932,33.0219,shake
2174464,1.2971,-0.0288,-0.9807,36.7590,6.8854,19.6249,shake
2174484,1.4821,-0.0352,-1.4228,-7.0654,6.2671,4.0295,shake
2174504,1.4248,-0.0251,-1.0857,-52.4166,-14.2596,-30.8713,shake
2174524,1.1318,0.0210,-0.5522,-77.1418,-14.2901,-49.2987,shake
2174544,0.8371,0.0459,0.1302,-86.3784,7.3435,-51.8789,shake
2174564,0.4255,0.0083,1.1553,-66.9357,14.8091,-31.6041,shake
2174584,0.3220,0.0425,1.7613,-5.5235,-3.8245,9.7394,shake
2174604,0.7727,0.0779,1.3658,60.5223,-6.5955,47.8463,shake
2174624,1.0319,0.1416,0.4825,88.2094,9.1297,46.9532,shake
2174644,1.1386,0.1003,-0.3857,79.6292,7.4732,41.3043,shake
2174664,1.2541,0.0090,-0.8903,50.6216,-5.4733,28.7089,shake
2174684,1.4155,-0.0627,-1.3120,15.8200,-10.4733,15.5562,shake
2174704,1.5456,-0.0012,-1.4243,-34.9815,-5.9466,-8.8407,shake
2174724,1.3471,0.0413,-0.9401,-77.8746,0.2289,-42.4056,shake
2174744,0.9677,-0.0195,-0.1923,-99.2563,7.2442,-58.7949,shake
2174764,0.4250,0.0112,0.8467,-92.2181,0.2442,-47.5659,shake
2174784,0.3850,0.1318,1.6448,-46.7983,-8.4504,-6.7491,shake
2174804,0.6516,0.1267,1.9248,20.6674,10.4122,25.0600,shake
2174824,0.8732,0.0798,1.4200,76.9956,26.1984,30.2433,shake
2174844,0.7744,0.0723,0.5596,104.5529,21.6335,35.1135,shake
2174864,0.8498,0.0061,-0.2448,105.5681,3.8167,45.2585,shake
2174884,1.0756,-0.1081,-0.9389,87.9345,-15.4962,52.3883,shake
2174904,1.5039,-0.1540,-1.8488,42.5300,-11.7253,49.0066,shake
2174924,1.9340,-0.1392,-1.9123,-30.2334,-8.8856,8.7089,shake
2174944,1.6206,-0.1091,-1.3864,-88.1876,-7.9619,-52.4896,shake
2174964,1.1079,-0.0679,-0.5520,-118.7067,-5.8398,-72.6499,shake
2174984,0.7629,-0.0273,0.4331,-125.3708,17.4580,-62.2911,shake
2175004,0.5083,0.0288,1.5862,-91.1571,11.4503,-35.6575,shake
2175024,0.5593,0.0801,2.0876,-22.6151,37.6946,-12.7873,shake
2175044,0.4897,0.1211,2.0876,52.4460,17.8931,12.6555,shake
2175064,0.5925,0.0693,1.1231,100.7208,14.2442,29.4952,shake
2175084,0.6103,0.0134,0.1348,114.8277,14.7786,53.1975,shake
2175104,1.0314,-0.0657,-0.5832,101.0949,1.1221,69.1898,shake
2175124,1.4143,-0.1597,-1.1120,73.7055,-65.7787,56.6478,shake
2175144,1.6840,-0.0815,-1.9123,23.1101,-9.4504,27.6784,shake
2175164,1.7429,-0.0823,-1.8989,-54.4548,-12.6947,-23.9858,shake
2175184,1.3452,-0.1160,-0.9572,-100.5464,-27.5115,-60.0621,shake
2175204,0.9907,-0.1338,-0.0644,-115.0044,-6.6565,-65.4056,shake
2175224,0.6403,-0.0300,0.8560,-101.4166,23.5190,-38.5812,shake
2175244,0.5651,0.1162,1.4681,-58.5464,7.3435,-11.7415,shake
2175264,0.7866,0.1128,1.7901,-8.8135,-13.6795,-0.0621,shake
2175284,0.8251,0.1113,1.6172,43.4994,-5.9237,-3.6804,shake
2175304,0.6232,0.0952,1.0325,85.7513,19.7404,9.7547,shake
2175324,0.5615,0.0610,0.1934,104.5681,23.9923,33.7700,shake
2175344,0.8149,-0.0310,-0.4873,96.8277,12.7557,50.7394,shake
2175364,1.1633,-0.0977,-0.9939,70.9498,-1.8016,50.4036,shake
2175384,1.4521,-0.0942,-1.4853,38.5071,-12.8779,37.7623,shake
2175404,1.7543,-0.1174,-1.8137,-12.4700,-4.5115,13.7547,shake
2175424,1.6843,-0.1140,-1.4760,-75.1342,2.9541,-34.5964,shake
2175444,1.2292,-0.1086,-0.6882,-110.1571,-5.4886,-61.0316,shake
2175464,0.8903,-0.1047,0.2715,-117.1189,0.7251,-54.0087,shake
2175484,0.7395,0.0654,1.0559,-94.1265,7.7328,-32.0774,shake
2175504,0.7224,0.1086,1.5982,-51.9509,0.9083,-19.1308,shake
2175524,0.6899,0.1231,1.7662,0.2323,-1.4199,-10.2682,shake
2175544,0.6125,0.1326,1.4356,47.8964,9.5190,2.3883,shake
2175564,0.5473,0.0864,0.8897,82.0185,15.1755,20.2585,shake
2175584,0.6721,0.0249,0.2644,99.9651,12.4580,38.9608,shake
2175604,0.9050,-0.0266,-0.4177,97.5300,8.0686,51.5333,shake
2175624,1.1726,-0.0727,-1.0835,73.9880,1.8091,47.9532,shake
2175644,1.3085,-0.0979,-1.5229,34.8964,-9.2596,33.3425,shake
2175664,1.5515,-0.1697,-1.6750,-16.5464,-12.5573,18.6936,shake
2175684,1.7229,-0.1868,-1.3337,-65.6685,0.5267,-16.5506,shake
2175704,1.3964,-0.1001,-0.8005,-100.9280,10.6641,-48.4209,shake
2175724,1.0058,-0.0474,0.0325,-122.7372,3.8091,-55.1003,shake
2175744,0.8103,0.0398,1.1197,-111.9204,-11.5497,-44.2758,shake
2175764,0.8254,0.1118,1.9070,-66.1723,-4.3741,-39.1079,shake
2175784,0.6071,0.1196,2.0876,4.1025,69.9236,-35.9858,shake
2175804,0.0187,0.1294,1.9661,74.8048,36.7022,0.0371,shake
2175824,0.1474,0.0388,0.7950,111.3315,15.0457,52.5333,shake
2175844,0.6760,-0.0503,-0.0083,122.2704,-4.2520,87.6784,shake
2175864,1.2551,-0.1560,-0.7429,106.5223,-18.0077,87.3349,shake
2175884,1.4831,-0.1606,-1.1518,76.2323,-103.4581,64.7242,shake
2175904,1.6694,-0.1873,-1.9123,23.9956,-3.3588,33.3043,shake
2175924,1.8474,-0.1958,-1.8320,-44.0196,-10.5344,-4.2835,shake
2175944,1.5749,-0.1277,-1.2761,-96.0655,-22.2672,-44.5964,shake
2175964,1.2758,-0.1111,-0.4536,-125.9433,-17.1375,-59.1842,shake
2175984,1.0742,-0.0325,0.4573,-128.4013,10.8549,-58.2911,shake
2176004,0.7707,0.0701,1.3431,-104.5464,4.7786,-52.2835,shake
2176024,0.6645,0.0454,1.9659,-58.5006,-4.9772,-48.4132,shake
2176044,0.4729,0.0740,2.0876,10.5834,50.3511,-39.7949,shake
2176064,0.0703,0.1328,1.6460,75.6750,18.6335,2.0524,shake
2176084,0.1821,-0.0193,0.7256,118.0567,15.8931,52.7776,shake
2176104,0.6564,-0.1677,-0.2280,123.2628,-6.0611,83.3043,shake
2176124,1.2568,-0.2195,-0.9790,101.2781,-29.0993,86.4723,shake
2176144,1.9577,-0.3879,-1.9123,63.9880,77.4427,52.3501,shake
2176164,1.7929,-0.0674,-1.8825,-3.2258,10.8549,12.1975,shake
2176184,1.6967,-0.0837,-1.5800,-59.9433,13.3435,-32.3064,shake
2176204,1.3107,-0.1299,-0.9096,-100.7372,-5.5878,-60.3903,shake
2176224,0.9184,-0.1103,-0.0041,-112.8822,-13.8016,-59.6193,shake
2176244,0.7102,0.0779,0.7151,-98.7525,-6.6184,-31.6651,shake
2176264,0.8439,0.0920,1.3103,-69.0349,-12.4046,-13.0316,shake
2176284,0.9584,0.1018,1.7618,-26.7830,-8.3054,-19.3445,shake
2176304,0.6633,0.1472,1.8052,29.7742,9.9847,-21.4361,shake
2176324,0.3691,0.0879,1.2608,81.1407,17.1526,8.3730,shake
2176344,0.4658,0.0335,0.4270,109.1101,11.3664,45.1975,shake
2176364,0.8686,-0.0837,-0.2646,104.3697,0.4351,62.1211,shake
2176384,1.2094,-0.1990,-0.7824,91.2017,-4.4123,54.2356,shake
2176404,1.2531,-0.2019,-1.5327,67.7055,-1.0153,42.9150,shake
2176424,1.4523,-0.1467,-1.8679,16.0949,5.7404,35.0829,shake
2176444,1.6188,-0.0493,-1.7954,-49.2639,14.4198,2.3807,shake
2176464,1.4206,0.0295,-1.0383,-95.9586,4.6564,-30.3445,shake
2176484,1.2780,-0.0850,-0.1623,-122.7143,7.1984,-49.8560,shake
2176504,1.0390,-0.1414,1.0000,-120.6990,11.7862,-55.4056,shake
2176524,0.7727,0.0815,1.7901,-74.1571,12.9847,-53.6041,shake
2176544,0.5397,0.1914,1.9764,-10.4777,42.3893,-42.9247,shake
2176564,0.2934,0.1011,1.7161,44.4994,38.9465,-18.8942,shake
2176584,0.1499,0.0686,1.1297,90.4842,20.5267,22.7318,shake
2176604,0.4470,-0.0081,0.2142,119.4536,-2.8856,68.3043,shake
2176624,0.9885,-0.1289,-0.7729,106.4231,-17.5649,85.9837,shake
2176644,1.4704,-0.1780,-1.3054,64.8506,-8.1222,69.1516,shake
2176664,1.6281,-0.1533,-1.4716,19.0338,-4.6795,33.8845,shake
2176684,1.6491,-0.1362,-1.4101,-24.2410,-2.1375,-5.4285,shake
2176704,1.3479,-0.0579,-1.2082,-66.9510,-0.1146,-35.4896,shake
2176724,1.1166,-0.1060,-0.5212,-104.6303,-8.3741,-46.2987,shake
2176744,0.9992,-0.0847,0.6282,-114.6380,-8.4733,-46.4896,shake
2176764,0.8410,0.0098,1.6419,-79.0807,2.4656,-34.6957,shake
2176784,0.6413,0.0366,2.0867,-8.2945,32.1526,-22.2071,shake
2176804,0.4240,0.0781,1.5538,58.9880,16.2595,3.3425,shake
2176824,0.3376,0.0430,0.6558,93.4536,3.1221,36.3578,shake
2176844,0.6958,-0.0203,-0.2873,98.4994,-22.7711,73.6020,shake
2176864,1.3847,-0.1731,-1.0681,67.1712,-65.0764,73.1898,shake
2176884,1.8774,-0.0742,-1.6032,18.6139,-16.0840,28.4112,shake
2176904,1.7287,-0.0190,-1.6211,-44.9586,12.7709,-32.1384,shake
2176924,1.1359,-0.0503,-0.8923,-91.1265,7.4809,-64.7491,shake
2176944,0.7775,-0.0183,0.0159,-109.3174,-2.5802,-62.7109,shake
2176964,0.5751,0.0256,1.1477,-91.6838,-0.4962,-33.4819,shake
2176984,0.7185,0.0574,1.8072,-34.6990,-4.7863,-7.8560,shake
2177004,0.7993,0.0737,1.7520,27.8658,1.3358,2.4799,shake
2177024,0.7321,0.0298,1.1094,72.4078,12.2824,11.7318,shake
2177044,0.6674,-0.0290,0.3616,99.1407,8.6259,32.5715,shake
2177064,0.9091,-0.0471,-0.7160,95.3239,-4.6107,51.9226,shake
2177084,1.3410,-0.0693,-1.4748,54.7055,-10.0611,51.4417,shake
2177104,1.7453,-0.0664,-1.7739,-1.7983,-14.4504,26.7013,shake
2177124,1.8806,-0.0723,-1.4550,-58.5464,-0.2901,-26.2682,shake
2177144,1.3293,-0.0603,-0.8037,-96.2716,0.6717,-65.0774,shake
2177164,0.8498,-0.0439,0.0857,-111.3174,-4.0001,-65.3980,shake
2177184,0.5898,-0.0124,1.1546,-95.7296,-9.7253,-40.3445,shake
2177204,0.6855,0.0701,1.8335,-44.5387,-6.6795,-15.4896,shake
2177224,0.7041,0.0554,1.8706,17.9804,7.0381,-2.0392,shake
2177244,0.5761,0.0474,1.3047,63.3315,13.7557,6.6860,shake
2177264,0.4772,-0.0124,0.7071,95.3162,2.1068,26.9303,shake
2177284,0.6228,-0.0915,-0.1572,107.5147,-6.8703,49.1364,shake
2177304,1.0217,-0.1186,-1.0105,87.6597,-9.7100,62.1975,shake
2177324,1.4428,-0.1218,-1.7138,47.2628,-0.7024,52.6860,shake
2177344,1.7189,-0.1074,-1.9123,-16.2410,-1.2520,17.8616,shake
2177364,1.6237,-0.0649,-1.4277,-74.0197,-5.4199,-32.1995,shake
2177384,1.2231,-0.0920,-0.6823,-108.0273,-2.6031,-54.9781,shake
2177404,0.8786,-0.1421,0.4288,-117.7677,14.3816,-43.1995,shake
2177424,0.8095,0.0054,1.4219,-83.5540,6.1679,-25.7949,shake
2177444,0.8442,0.0459,1.9475,-26.3403,7.1450,-16.5735,shake
2177464,0.7583,0.0439,1.8282,34.5605,9.5572,-10.3293,shake
2177484,0.4997,0.0547,1.2867,83.8048,11.7633,3.6326,shake
2177504,0.4462,0.0181,0.3433,113.1483,8.6183,35.7471,shake
2177524,0.8022,-0.0598,-0.7253,104.9422,-0.7940,57.5104,shake
2177544,1.1489,-0.0911,-1.4419,64.9040,-13.4123,57.8539,shake
2177564,1.5891,-0.0698,-1.9123,11.7666,-21.0001,42.8921,shake
2177584,1.9577,-0.0493,-1.8205,-55.3479,-5.8092,-12.4590,shake
2177604,1.4274,-0.0771,-1.0422,-106.2334,5.8167,-67.2224,shake
2177624,0.7863,-0.1716,0.1402,-122.9433,-1.4504,-69.3064,shake
2177644,0.5725,-0.0464,1.3172,-93.8746,-12.8779,-32.2148,shake
2177664,0.8066,0.0703,1.8279,-37.2105,2.4045,-4.6957,shake
2177684,0.8762,0.0452,1.9200,20.4078,19.7480,-2.4819,shake
2177704,0.5842,0.0383,1.4920,70.1101,11.9541,0.9074,shake
2177724,0.4807,0.0408,0.6761,103.5300,-4.3817,24.8158,shake
2177744,0.7514,-0.0061,-0.1879,110.5758,-5.3665,47.0219,shake
2177764,1.0275,-0.0425,-1.1218,88.9422,-0.2825,49.6249,shake
2177784,1.2956,-0.1184,-1.7566,43.6674,-6.0153,49.9837,shake
2177804,1.7827,-0.1123,-1.9123,-21.1189,-16.1909,25.1974,shake
2177824,1.8337,-0.0891,-1.4289,-77.5616,-13.1985,-35.5583,shake
2177844,1.2819,-0.1382,-0.6984,-108.8288,-17.7253,-68.4285,shake
2177864,0.9077,-0.1260,0.3438,-117.0502,-9.9695,-55.6499,shake
2177884,0.8515,0.0188,1.3045,-88.3555,-15.5039,-36.5888,shake
2177904,0.8852,0.0415,1.8636,-36.8746,0.9847,-29.8942,shake
2177924,0.6435,0.0689,1.9966,26.7437,19.1831,-23.9018,shake
2177944,0.3598,0.0439,1.4375,86.8353,16.3587,-4.7415,shake
2177964,0.2326,0.0559,0.3763,116.2552,-0.3130,36.3349,shake
2177984,0.7070,-0.0256,-0.5232,114.5071,-13.8474,68.3959,shake
2178004,1.2592,-0.1697,-1.4863,87.9727,-18.2291,80.1440,shake
2178024,1.9453,-0.1443,-1.9123,17.1254,-12.9619,55.1669,shake
2178044,1.9577,-0.0915,-1.9123,-67.1418,0.6335,-27.8636,shake
2178064,1.3984,-0.1457,-0.8623,-110.0578,-5.7176,-86.4972,shake
2178084,0.6320,-0.1121,0.1731,-117.3021,-3.2901,-87.7491,shake
2178104,0.1359,0.0515,1.1436,-88.7143,18.2137,-34.2453,shake
2178124,0.3884,0.0930,1.6868,-36.5082,8.1831,22.4799,shake
2178144,0.8996,0.0757,1.7901,19.1559,-22.1680,30.2051,shake
2178164,1.1352,0.0696,1.3975,67.9193,-13.0230,15.1058,shake
2178184,0.8574,0.0410,0.7242,98.4231,20.6183,7.9379,shake
2178204,0.6130,-0.0010,-0.0136,104.0185,28.5114,23.9837,shake
2178224,0.7495,-0.0950,-0.5900,92.6216,7.6412,45.3730,shake
2178244,1.0461,-0.1274,-1.4231,75.4842,-28.4733,59.2967,shake
2178264,1.6477,-0.1374,-1.9123,20.8811,-27.9314,45.9990,shake
2178284,1.9577,-0.0791,-1.9123,-64.4777,16.4122,-13.9781,shake
2178304,1.3388,-0.1814,-1.1159,-122.6685,17.5954,-68.6193,shake
2178324,0.7185,-0.3010,0.2998,-135.4471,-4.7558,-66.1232,shake
2178344,0.5898,0.0176,1.3453,-101.8746,-14.5268,-24.4132,shake
2178364,0.9824,0.0645,1.8157,-47.5387,3.7099,-4.6270,shake
2178384,0.9406,0.0625,2.0135,8.2475,25.1984,-16.0316,shake
2178404,0.5634,0.0654,1.6177,69.2475,20.1297,-10.7644,shake
2178424,0.3576,0.0681,0.5721,108.0262,9.6259,16.8081,shake
2178444,0.5825,-0.0144,-0.5105,108.2628,5.3282,47.3349,shake
2178464,0.8808,-0.2668,-1.3991,97.9422,-0.9695,79.7013,shake
2178484,1.8190,-0.1926,-1.9123,34.3315,-11.0840,99.6402,shake
2178504,1.9577,-0.1602,-1.9123,-94.7525,-4.3436,-14.9247,shake
2178524,1.7983,-0.2305,-0.9211,-165.4853,-1.1222,-128.8255,shake
2178544,0.4379,-0.3313,0.8579,-164.3326,17.3893,-151.2148,shake
2178564,-0.3843,0.0147,1.8941,-81.7906,175.2442,-59.8941,shake
2178584,0.7895,-0.0283,0.2517,6.2017,81.6564,66.8997,shake
2178604,0.9978,0.1140,1.5918,54.1559,-27.3741,79.3578,shake
2178624,1.4333,0.1023,0.8997,75.3849,-14.9848,31.7700,shake
2178644,1.1499,0.0896,0.3291,86.5300,19.8702,2.6555,shake
2178664,0.8317,0.0418,-0.4714,82.0949,28.9236,8.5868,shake
2178684,0.8366,0.0049,-1.1081,55.6750,-17.8779,39.1516,shake
2178704,1.1079,0.0327,-1.3288,2.8887,-249.5573,61.6631,shake
2178724,1.7695,-0.0144,-1.1692,-59.8517,-32.8016,-7.5735,shake
2178744,1.4877,-0.0749,-0.3859,-89.5998,5.3969,-61.5048,shake
2178764,0.6928,-0.0996,0.7251,-82.7143,28.2595,-61.6804,shake
2178784,0.3749,-0.0657,1.6224,-32.5387,10.5190,-15.8636,shake
2178804,0.6630,0.0364,1.5779,34.9116,-9.0993,22.3578,shake
2178824,0.9250,0.1011,0.8008,68.9575,1.3969,24.4646,shake
2178844,0.9064,0.1025,0.0684,72.4002,11.3511,23.5181,shake
2178864,0.9140,0.0269,-0.5175,60.0872,11.7709,23.2280,shake
2178884,0.9458,-0.0164,-1.0620,38.6292,-0.2062,37.6784,shake
2178904,1.4931,-0.0288,-1.6110,-9.5387,-23.2367,39.0677,shake
2178924,1.8649,-0.0200,-1.2644,-66.8899,-26.3207,-14.7491,shake
2178944,1.5520,-0.0308,-0.4519,-98.5540,0.4885,-63.0010,shake
2178964,0.8498,-0.0872,0.6353,-97.3861,9.8625,-78.0316,shake
2178984,0.2990,0.0105,1.6023,-52.4929,6.1755,-47.0774,shake
2179004,0.3386,0.0759,1.9048,19.6368,43.3129,1.2433,shake
2179024,0.5678,0.0630,1.2862,74.4994,28.7404,24.7318,shake
2179044,0.5781,0.0791,0.4253,97.4689,23.8320,42.8081,shake
2179064,0.8217,0.0134,-0.3733,90.2552,6.4427,57.4036,shake
2179084,1.1960,-0.0998,-0.9607,70.4231,-28.3207,66.5639,shake
2179104,1.7246,-0.1125,-1.9123,20.1330,-11.3817,54.5562,shake
2179124,1.9577,-0.1199,-1.9123,-74.9280,-34.8169,-16.8713,shake
2179144,1.6403,-0.1460,-0.7041,-119.0273,-33.9008,-77.8407,shake
2179164,0.8896,-0.1218,0.3145,-119.5693,6.2671,-94.6651,shake
2179184,0.1103,0.0064,1.3372,-81.5998,36.7480,-58.1308,shake
2179204,0.0451,0.0901,1.8750,-7.0502,47.8778,20.0753,shake
2179224,0.7292,0.0776,1.6609,61.7284,-7.4810,60.1975,shake
2179244,1.1623,0.0549,0.9361,99.8887,-11.3588,49.0219,shake
2179264,1.2609,0.0222,0.0015,106.8506,1.6564,30.5791,shake
2179284,1.1315,0.0532,-0.9348,75.8429,6.2289,20.8463,shake
2179304,1.3220,0.0718,-1.9123,23.0643,-90.2596,31.1822,shake
2179324,1.7392,-0.0566,-1.8237,-39.3861,-22.8703,-4.4972,shake
2179344,1.5014,-0.0835,-1.0351,-89.6151,-18.4733,-57.3751,shake
2179364,0.8601,-0.1130,-0.0761,-104.7143,-8.6642,-79.2606,shake
2179384,0.2712,-0.0259,1.0064,-80.5082,1.7862,-49.4514,shake
2179404,0.3164,0.0071,1.7037,-22.3326,31.9618,8.4188,shake
2179424,0.6862,0.0093,1.7666,50.6826,17.5267,43.5333,shake
2179444,0.9604,0.0662,0.8641,90.7284,2.7404,41.1745,shake
2179464,1.0949,0.0276,0.1231,97.1636,0.5267,34.9532,shake
2179484,1.1311,-0.0571,-0.7197,79.2628,6.0763,28.8387,shake
2179504,1.1918,-0.0686,-1.7641,45.9117,1.9999,42.0829,shake
2179524,1.9577,-0.1023,-1.9123,-46.8670,-10.1833,19.3120,shake
2179544,1.7958,-0.0752,-1.2556,-120.8364,-21.4352,-63.4972,shake
2179564,1.1413,-0.1282,0.0928,-132.6838,-12.7253,-100.5430,shake
2179584,0.3083,-0.1204,1.2508,-100.8593,22.0763,-81.1766,shake
2179604,-0.1424,0.0681,1.8999,-22.1189,90.8091,-2.6957,shake
2179624,0.2980,0.0452,2.0876,62.3544,42.3893,70.8310,shake
2179644,1.2148,0.0493,1.1163,106.4765,-17.9161,62.4341,shake
2179664,1.3103,0.0691,0.0420,112.2628,4.3205,31.8387,shake
2179684,1.0971,0.0230,-0.6760,75.8506,17.7022,17.2051,shake
2179704,1.0983,0.0183,-1.1108,33.1636,-13.1985,19.7623,shake
2179724,1.3059,0.0193,-1.2363,-12.2868,-137.5497,12.5639,shake
2179744,1.4904,-0.0073,-1.3435,-62.1876,-17.6795,-27.1308,shake
2179764,0.9672,-0.0774,-0.5537,-95.4090,-22.6947,-45.4896,shake
2179784,0.7939,-0.0137,0.3372,-87.1036,-12.1680,-31.0850,shake
2179804,0.7944,-0.0081,1.1280,-53.1952,10.1755,-10.1308,shake
2179824,0.8596,0.0120,1.8140,7.0033,24.2747,5.4875,shake
2179844,0.8742,0.0610,1.4278,73.0872,16.4045,9.2433,shake
2179864,0.7583,0.0510,0.4058,94.6368,10.8625,15.0600,shake
2179884,0.7575,0.0112,-0.4333,82.8200,5.5572,30.7165,shake
2179904,0.9755,-0.0635,-1.2785,56.8353,-0.1222,49.3501,shake
2179924,1.5895,0.0005,-1.9123,-1.4624,-8.5344,57.6860,shake
2179944,1.9577,-0.1016,-1.9123,-95.1494,-20.4962,-21.0087,shake
2179964,1.6003,-0.1794,-0.4731,-146.5311,-21.3436,-100.9476,shake
2179984,0.5241,-0.2114,1.2657,-131.5464,9.8167,-117.3064,shake
2180004,-0.1753,-0.0496,1.9383,-41.8670,206.2366,-57.9629,shake
2180024,0.6728,-0.0500,0.0083,52.4002,96.4656,58.2051,shake
2180044,0.6867,0.1060,0.8802,91.0490,-24.0535,96.9074,shake
2180064,1.4448,0.0017,0.2539,86.7666,-14.7558,69.4036,shake
2180084,1.5944,-0.0046,-0.4428,74.2017,10.9618,29.6784,shake
2180104,1.4121,0.0215,-1.0698,43.0262,-53.2672,18.2585,shake
2180124,1.2529,0.0918,-1.3454,-38.0807,-249.5573,0.2280,shake
2180144,1.1894,-0.0127,-1.0922,-77.5235,-20.3817,-43.0087,shake
2180164,0.9699,-0.0244,-0.1023,-95.8059,-19.5420,-48.4514,shake
2180184,0.6694,-0.0239,0.9678,-72.1647,6.2518,-38.3369,shake
2180204,0.4121,-0.0137,1.7027,-8.7525,27.5419,-0.3674,shake
2180224,0.7133,0.0381,1.6311,71.9116,12.7557,35.0677,shake
2180244,1.0380,0.0898,0.6773,111.9880,10.5419,33.6707,shake
2180264,1.0512,0.0488,-0.4321,104.1712,8.0534,29.4265,shake
2180284,1.1066,0.0388,-1.0351,60.1025,-11.2138,29.0371,shake
2180304,1.2780,-0.0339,-1.6818,0.9193,-11.9008,27.0982,shake
2180324,1.7097,-0.0120,-1.8078,-69.8746,-34.7024,1.0600,shake
2180344,1.5703,-0.1206,-0.8962,-121.4319,-36.0764,-52.6193,shake
2180364,1.0488,-0.1143,0.2447,-120.6609,-16.3436,-77.7949,shake
2180384,0.3903,-0.0207,1.2439,-86.0502,16.2747,-57.2911,shake
2180404,0.2028,0.1069,1.8753,-19.4242,57.8015,-4.9018,shake
2180424,0.4851,0.0737,2.0044,55.8582,4.0992,39.4723,shake
2180444,0.9096,0.0647,1.0393,91.5605,-6.1604,39.6173,shake
2180464,1.0439,0.0347,0.3785,104.7971,0.0915,33.7929,shake
2180484,1.1059,0.0378,-0.4643,101.9193,11.8854,28.4417,shake
2180504,1.0268,-0.0823,-1.2473,69.7208,-38.5726,29.7394,shake
2180524,1.3603,-0.1243,-1.9123,5.6368,1.9770,27.9455,shake
2180544,1.6687,-0.1140,-1.7673,-67.5922,-14.6565,-10.2453,shake
2180564,1.3056,-0.0757,-0.9174,-101.0349,-24.9085,-51.1690,shake
2180584,0.9074,-0.0251,-0.1086,-114.9433,-8.5115,-54.1308,shake
2180604,0.6589,-0.0015,1.0276,-105.6380,19.9007,-28.3598,shake
2180624,0.6447,0.0322,1.9537,-46.7830,24.2824,-2.3903,shake
2180644,0.8234,0.0837,2.0876,30.5681,-5.1375,13.5868,shake
2180664,1.0087,0.0964,1.3440,83.0796,4.0610,7.3501,shake
2180684,0.6865,0.0603,0.4517,106.4078,27.4274,9.9684,shake
2180704,0.5903,0.0281,-0.4746,100.6826,23.4656,30.9608,shake
2180724,0.6611,-0.0972,-1.1347,79.3620,-13.8856,49.6020,shake
2180744,1.3083,-0.1511,-1.9123,34.9651,-28.0230,71.2814,shake
2180764,1.9577,-0.1221,-1.9123,-43.3479,-30.6642,35.2814,shake
2180784,1.9577,-0.0361,-1.3305,-106.2105,-9.7711,-46.2224,shake
2180804,1.2692,-0.1614,-0.1982,-136.9738,23.5572,-86.1919,shake
2180824,0.4616,-0.1482,1.2874,-120.0273,25.6259,-69.3598,shake
2180844,0.3049,0.0356,2.0318,-43.2334,32.6335,-16.4514,shake
2180864,0.6608,0.1494,1.8521,25.4231,-15.2062,17.0066,shake
2180884,0.8937,0.1379,1.4624,66.9269,6.7099,13.6402,shake
2180904,0.7924,0.0747,0.8836,95.5376,18.2976,13.9837,shake
2180924,0.7365,0.0286,0.1228,110.0109,17.2289,24.3043,shake
2180944,0.7973,-0.0727,-0.7827,102.1788,7.8244,34.6097,shake
2180964,0.8793,-0.2266,-1.3825,71.0033,-81.1146,57.8081,shake
2180984,1.5346,-0.1680,-1.9123,6.3544,-20.0382,54.3578,shake
2181004,1.9577,-0.0879,-1.9123,-68.6761,-18.0001,-8.1537,shake
2181024,1.6091,-0.0720,-1.0959,-119.5540,-3.4123,-67.7949,shake
2181044,0.8789,-0.2297,0.1888,-136.7983,8.8931,-78.2453,shake
2181064,0.5341,-0.0679,1.4517,-101.3174,-3.8245,-38.3369,shake
2181084,0.8354,0.1023,1.8155,-34.1876,-12.8627,-4.3980,shake
2181104,1.0114,0.1643,1.6519,18.7437,3.3816,-8.1384,shake
2181124,0.6835,0.0999,1.3296,57.6063,16.3435,-12.1461,shake
2181144,0.4296,0.1067,0.7986,88.9498,16.2824,10.0829,shake
2181164,0.6323,0.0295,0.0093,107.3849,12.4809,37.1975,shake
2181184,0.8764,-0.0122,-0.9582,94.2704,5.3053,44.8005,shake
2181204,1.0595,-0.1374,-1.8596,56.2933,-13.1985,56.9761,shake
2181224,1.9089,-0.1516,-1.9123,-24.2639,-24.4199,58.7242,shake
2181244,1.9577,-0.1040,-1.7226,-106.0425,-7.9008,-35.2835,shake
2181264,1.5329,-0.1853,-0.3501,-145.0578,5.3358,-106.9629,shake
2181284,0.5319,-0.2405,1.1993,-128.7677,18.8320,-106.2606,shake
2181304,-0.0589,0.0032,1.9642,-52.9738,86.1526,-45.1308,shake
2181324,-0.1050,0.1445,1.9727,18.1483,17.5648,32.8692,shake
2181344,0.6779,0.1604,1.2889,56.4765,-16.9466,51.8616,shake
2181364,1.0258,0.0488,0.7220,81.1178,-6.5039,44.4799,shake
2181384,1.0656,0.0542,-0.0918,87.6826,13.9465,34.9761,shake
2181404,1.0002,0.0911,-0.9687,67.9193,4.5801,35.6707,shake
2181424,1.1726,0.0625,-1.2902,23.6521,-113.5420,43.8005,shake
2181444,1.6503,-0.0681,-1.5454,-30.4853,-19.8932,8.6555,shake
2181464,1.6162,-0.0613,-0.8632,-67.2868,-17.4657,-35.0926,shake
2181484,1.0722,0.0100,-0.1604,-83.0731,-8.7024,-56.5659,shake
2181504,0.6884,-0.0024,0.8799,-74.3403,0.5267,-41.2224,shake
2181524,0.6784,0.0437,1.5843,-20.6456,35.7404,-12.3827,shake
2181544,0.5234,0.0439,1.4222,36.7132,26.5648,8.5562,shake
2181564,0.5129,0.0593,1.0022,77.2857,-31.8703,28.0906,shake
2181584,0.8205,0.0574,0.3245,102.9727,-57.3588,41.8463,shake
2181604,1.1921,0.0696,-0.5498,87.5529,-22.0917,43.7852,shake
2181624,1.2517,0.0352,-1.2944,49.5910,15.0534,27.3272,shake
2181644,1.3791,-0.0422,-1.6521,-0.7219,24.0381,21.8921,shake
2181664,1.7631,-0.0657,-1.4775,-51.0807,23.6183,-9.7186,shake
2181684,1.3979,-0.0723,-0.8747,-86.3937,5.1221,-65.2682,shake
2181704,0.7429,-0.0740,-0.0522,-97.9051,-16.9008,-69.1613,shake
2181724,0.4228,0.0125,0.9832,-75.9738,-22.3359,-32.3903,shake
2181744,0.6484,0.1282,1.4248,-26.4319,6.7709,10.0600,shake
2181764,0.9436,0.1074,1.4939,17.0643,18.0305,16.4112,shake
2181784,0.8139,0.1355,1.2808,55.5223,-4.8169,7.4646,shake
2181804,0.7937,0.1099,0.7090,83.3544,-7.3436,15.1822,shake
2181824,0.7858,0.0855,-0.0681,92.0033,11.1450,22.3959,shake
2181844,0.8356,0.0139,-0.7702,78.1636,18.7328,33.0600,shake
2181864,1.0397,-0.0991,-1.4904,53.1025,5.0381,47.1287,shake
2181884,1.6213,-0.1033,-1.9123,-8.1876,-3.8398,41.4417,shake
2181904,1.9577,-0.1431,-1.4360,-72.3403,-5.8092,-30.0163,shake
2181924,1.1904,-0.1081,-0.5710,-103.3403,-10.2367,-72.4056,shake
2181944,0.6428,-0.0464,0.6153,-105.8517,-6.2367,-56.7109,shake
2181964,0.5646,0.0195,1.6866,-55.3403,21.3664,-17.5354,shake
2181984,0.6440,0.0715,1.6385,13.0796,24.9312,16.4188,shake
2182004,0.7482,0.1199,1.1548,51.4765,-6.9390,24.0829,shake
2182024,0.9497,0.1111,0.7054,76.8811,-24.2672,27.8005,shake
2182044,1.1496,0.0891,0.0921,87.6139,-2.7482,18.5257,shake
2182064,0.9882,0.0496,-0.7202,77.1407,20.0228,6.3501,shake
2182084,0.7846,-0.0593,-1.4292,46.3239,15.5877,21.6478,shake
2182104,1.1936,-0.1111,-1.7841,-10.8593,-3.8321,37.8616,shake
2182124,1.6936,-0.0745,-1.3750,-65.4471,-15.2749,3.0982,shake
2182144,1.4711,-0.0684,-0.5952,-95.8212,-20.0077,-43.8865,shake
2182164,1.0388,-0.0854,0.4327,-100.1647,-4.7176,-54.5354,shake
2182184,0.6047,0.0855,1.2854,-69.1876,15.4732,-27.2835,shake
2182204,0.7038,0.0999,1.7327,-13.7677,-3.5115,1.7929,shake
2182224,1.0180,0.1416,1.5965,43.3315,-12.3512,-1.5125,shake
2182244,0.7858,0.1450,0.9851,81.7208,12.1297,-13.7033,shake
2182264,0.3757,0.0842,0.2327,96.4078,28.5725,8.8692,shake
2182284,0.4951,-0.0300,-0.5764,90.6826,16.6870,48.7089,shake
2182304,1.0651,-0.0896,-1.3501,67.4842,-4.3588,64.9761,shake
2182324,1.7004,-0.1345,-1.9123,7.2170,-5.9390,41.9761,shake
2182344,1.7968,-0.1460,-1.7368,-71.2181,-14.2062,-22.8942,shake
2182364,1.3728,-0.1797,-0.6296,-109.9662,-12.8169,-57.4438,shake
2182384,0.9997,-0.1807,0.4690,-109.1952,26.4809,-52.9781,shake
2182404,0.5495,0.0056,1.3426,-70.6151,20.0152,-25.9552,shake
2182424,0.5917,0.1194,1.6316,-10.4166,-38.4428,-1.7567,shake
2182444,1.2456,0.1267,1.4275,32.4307,-6.8398,3.6326,shake
2182464,1.1679,0.1035,1.2989,69.5834,56.5038,-16.2377,shake
2182484,0.5705,0.1113,0.3741,101.3010,56.3282,-17.3751,shake
2182504,0.4060,0.0823,-0.5542,96.2170,18.2900,15.7394,shake
2182524,0.6259,-0.0459,-1.3349,67.4231,-4.0840,47.2891,shake
2182544,1.1787,-0.1089,-1.8769,8.5071,-8.0001,74.7623,shake
2182564,1.9577,-0.0908,-1.6521,-54.2945,-9.2291,38.5639,shake
2182584,1.9509,-0.0955,-0.7771,-96.5387,-14.8016,-44.7186,shake
2182604,1.1538,-0.1311,0.1238,-104.8212,-19.4886,-73.8560,shake
2182624,0.6083,-0.0117,1.0630,-84.7830,-7.5115,-46.7109,shake
2182644,0.5817,0.0794,1.7647,-29.6532,-4.2520,-3.3980,shake
2182664,0.8837,0.1650,1.6233,36.4307,-9.3588,7.0982,shake
2182684,0.8488,0.1755,1.1206,77.7437,6.9236,-1.8178,shake
2182704,0.5683,0.0776,0.4070,92.9040,12.8244,1.7318,shake
2182724,0.4589,0.0459,-0.2683,84.4155,4.6259,31.6097,shake
2182744,0.7958,-0.0981,-0.8061,75.1178,-11.7253,51.0295,shake
2182764,1.1088,-0.2051,-1.4504,46.7513,-14.4352,62.6784,shake
2182784,1.8059,-0.1746,-1.9123,-10.6990,-15.4199,52.0982,shake
2182804,1.9577,-0.0986,-1.6679,-85.4395,-7.9848,-23.0087,shake
2182824,1.6237,-0.0918,-0.6032,-131.0502,-5.9314,-86.1384,shake
2182844,0.9509,-0.1392,0.6570,-130.6074,6.1068,-100.6880,shake
2182864,0.3369,0.0730,1.7061,-79.2258,37.9007,-64.5583,shake
2182884,0.0822,0.2012,1.9532,-3.4395,71.7175,-7.4972,shake
2182904,0.3747,0.2026,1.4488,55.9269,-13.7176,31.8310,shake
2182924,0.8674,0.1453,1.0362,92.0414,-19.6947,39.2967,shake
2182944,0.9399,0.0759,0.2542,111.4689,9.1831,28.6784,shake
2182964,0.8388,-0.0178,-0.5048,97.6826,22.4198,34.5181,shake
2182984,0.8781,-0.0322,-1.0583,70.4307,-11.0382,45.1669,shake
2183004,1.2043,-0.0574,-1.7849,22.7819,-38.2291,47.3578,shake
2183024,1.6313,-0.1467,-1.7758,-29.7219,-51.3817,20.9913,shake
2183044,1.7375,-0.1492,-1.3662,-88.9815,-9.3283,-27.7644,shake
2183064,1.1394,-0.1257,-0.4419,-125.3403,30.7786,-50.7873,shake
2183084,0.6877,-0.0613,0.8819,-115.9662,1.7557,-40.3445,shake
2183104,0.8901,0.0366,1.8750,-56.8593,3.7022,-24.1613,shake
2183124,0.6723,0.1213,1.9236,14.1483,56.0381,-14.5659,shake
2183144,0.2534,0.1350,1.3755,69.0796,16.3816,9.7700,shake
2183164,0.4963,0.0708,0.6819,104.9727,-21.0917,44.0142,shake
2183184,0.9167,-0.0095,-0.3169,111.7284,-20.2978,52.4188,shake
2183204,1.0473,-0.1455,-1.0918,91.1636,-7.1680,53.5333,shake
2183224,1.3352,-0.1423,-1.9123,35.9269,4.0763,59.0142,shake
2183244,1.9133,-0.1255,-1.9123,-55.0425,-13.5573,27.1669,shake
2183264,1.9084,-0.1157,-1.0446,-110.7830,-31.2978,-40.9858,shake
2183284,1.5295,-0.1230,-0.1584,-123.9128,-9.8856,-79.5735,shake
2183304,0.7854,-0.1619,0.9551,-115.7754,35.0839,-77.6804,shake
2183324,0.2155,0.0413,1.9236,-52.6838,33.9541,-36.2300,shake
2183344,0.2976,0.1951,2.0794,33.9346,-10.0153,9.5181,shake
2183364,0.7866,0.1492,1.1534,83.0262,3.7480,19.4570,shake
2183384,0.6804,0.0620,0.4400,98.4918,26.7022,20.8463,shake
2183404,0.7177,0.0347,-0.2837,93.7666,16.4045,34.8616,shake
2183424,0.9431,-0.0356,-1.0092,67.7132,-10.3359,48.3120,shake
2183444,1.9577,-0.2668,-1.9123,21.0262,24.9541,43.8921,shake
2183464,1.7216,-0.0996,-1.7883,-43.0349,-8.6413,14.8081,shake
2183484,1.6318,-0.1128,-1.1801,-102.8059,-16.5191,-41.1995,shake
2183504,1.2678,-0.0835,-0.1220,-116.8899,-1.0688,-65.8484,shake
2183524,0.6623,-0.0432,0.8094,-98.0884,21.8702,-64.3445,shake
2183544,0.1855,0.0374,1.6624,-42.8670,20.0763,-11.8102,shake
2183564,0.5656,0.0811,1.8704,34.3697,-14.5955,42.0982,shake
2183584,1.1911,0.1145,1.2276,88.3773,-2.5344,35.1975,shake
2183604,1.0266,0.0564,0.2854,102.9803,23.6183,18.7318,shake
2183624,0.8666,-0.0017,-0.3752,85.3239,28.4580,22.8158,shake
2183644,0.8261,-0.0205,-1.0210,54.4689,-10.7787,33.6326,shake
2183664,1.2102,-0.0256,-1.5014,8.5147,-44.0077,34.8310,shake
2183684,1.6249,-0.0417,-1.4733,-40.3174,-44.7711,-0.5888,shake
2183704,1.3957,-0.0801,-1.0229,-83.8899,-7.4275,-39.8941,shake
2183724,0.8427,-0.1770,-0.1828,-104.9433,8.6717,-47.1232,shake
2183744,0.5424,-0.0598,0.8028,-85.7601,-16.9085,-18.4438,shake
2183764,0.8764,0.0823,1.3619,-38.8899,-14.5344,10.6173,shake
2183784,1.2351,0.1030,1.5005,10.1712,26.8167,1.6173,shake
2183804,0.9091,0.1199,1.2884,51.8429,50.5267,-16.6957,shake
2183824,0.4465,0.0398,0.7369,87.7361,30.1297,-4.3064,shake
2183844,0.4230,0.0120,0.0127,104.6368,1.5877,34.0219,shake
2183864,0.8239,0.0383,-1.1579,82.1559,-17.9772,64.1059,shake
2183884,1.4533,-0.0903,-1.6030,25.8353,-18.8703,62.2814,shake
2183904,1.9519,-0.0959,-1.7392,-28.9204,-14.0611,23.0600,shake
2183924,1.7927,-0.0989,-1.3256,-88.7219,-5.9314,-39.1003,shake
2183944,1.2622,-0.1819,-0.3232,-110.4319,-0.8245,-67.4743,shake
2183964,0.7663,-0.0403,0.5852,-93.8441,9.4580,-52.6041,shake
2183984,0.6315,-0.0019,1.2779,-55.9509,11.3053,-15.9323,shake
2184004,0.8535,0.0679,1.7381,1.4536,-7.5649,-4.6346,shake
2184024,0.7365,0.1018,1.4114,54.9498,-6.0535,-7.1842,shake
2184044,0.5974,0.0884,0.9473,90.6903,2.1602,7.7547,shake
2184064,0.6081,0.0598,0.0476,105.7590,7.6030,18.9379,shake
2184084,0.6569,-0.0049,-0.6220,86.9116,-0.8245,33.7089,shake
2184104,0.9045,-0.1155,-1.1123,61.3391,-14.3207,49.2738,shake
2184124,1.4042,-0.1775,-1.7233,19.6292,-14.0153,59.8463,shake
2184144,1.9577,-0.1223,-1.9123,-50.1494,-10.1375,15.1593,shake
2184164,1.6867,-0.1528,-1.1928,-112.8822,-14.7176,-60.6270,shake
2184184,1.0439,-0.2178,0.0769,-121.0960,-18.1833,-75.0087,shake
2184204,0.6254,-0.0496,1.0306,-90.0502,13.0915,-47.5964,shake
2184224,0.4995,0.1694,1.4895,-40.8975,25.0457,-6.2758,shake
2184244,0.7482,0.1130,1.8494,10.4918,-1.3207,4.8692,shake
2184264,0.8935,0.1008,1.7981,73.7208,-7.4428,1.1975,shake
2184284,0.7521,0.0752,0.7347,119.7284,17.4809,1.4265,shake
2184304,0.5231,0.0127,-0.3652,120.3620,27.3740,25.7318,shake
2184324,0.7053,-0.0471,-1.3615,85.9575,5.6259,55.5410,shake
2184344,1.3124,-0.1157,-1.9123,23.2475,-22.1298,66.5868,shake
2184364,1.9577,-0.1340,-1.9123,-52.3403,-20.7940,11.3272,shake
2184384,1.7731,-0.1638,-1.0026,-103.8288,2.3053,-61.6728,shake
2184404,0.9799,-0.2295,0.0616,-112.1952,29.7709,-85.1690,shake
2184424,0.2502,-0.0879,1.0459,-82.0960,25.3205,-47.0392,shake
2184444,0.2968,0.0439,1.5984,-20.6914,10.5725,15.7776,shake
2184464,0.8471,0.0942,1.4620,45.7132,-5.6184,44.2509,shake
2184484,1.0339,0.1201,0.9263,82.7055,2.2442,33.1440,shake
2184504,0.9777,0.0649,0.0533,91.9422,10.0915,31.1287,shake
2184524,1.0461,0.0239,-0.6267,72.7895,5.2671,33.8921,shake
2184544,1.1828,-0.0478,-1.2905,37.6750,-17.1985,32.8081,shake
2184564,1.5117,-0.0613,-1.5798,-15.6914,-34.3436,10.9226,shake
2184584,1.5505,-0.0659,-1.2732,-65.8670,-25.5649,-31.8026,shake
2184604,1.1887,-0.0889,-0.5271,-93.8441,-5.1375,-56.2987,shake
2184624,0.6142,-0.0793,0.3985,-93.7525,10.2289,-51.6041,shake
2184644,0.3737,0.1018,1.1871,-59.5387,-0.6336,-13.8331,shake
2184664,0.7451,0.1101,1.4610,-7.5845,-2.0993,17.3196,shake
2184684,0.9943,0.0703,1.5037,38.8964,23.7633,9.8616,shake
2184704,0.7436,0.0496,1.1011,82.3391,32.6793,9.3272,shake
2184724,0.5866,-0.0066,0.2984,108.5452,12.4732,23.9608,shake
2184744,0.7968,-0.0271,-0.8671,96.1788,-8.3741,45.7623,shake
2184764,1.2893,-0.0100,-1.5056,52.8658,-30.5955,61.5181,shake
2184784,1.9577,-0.4814,-1.5546,-18.2105,1.2366,-20.3674,shake
2184804,1.2312,-0.1323,-1.5481,-64.0044,-27.8016,-28.9247,shake
2184824,1.3405,-0.1333,-0.5710,-97.5922,-32.3207,-46.1537,shake
2184844,0.9914,-0.1184,0.1509,-91.9586,-10.4962,-55.4438,shake
2184864,0.7565,0.0017,0.6900,-68.8517,20.6641,-31.3140,shake
2184884,0.5808,0.1892,0.9573,-47.0196,0.1450,-14.1461,shake
2184904,0.8566,0.1538,1.4934,-18.1723,-24.5649,2.1974,shake
2184924,1.1474,0.1277,1.6470,35.5834,3.2595,-11.9858,shake
2184944,0.7563,0.0811,1.0528,82.2323,40.8473,-14.4743,shake
2184964,0.4931,0.1250,0.0281,100.0872,38.0992,2.8845,shake
2184984,0.6254,0.0081,-0.8444,84.0414,10.6946,20.5868,shake
2185004,0.8972,-0.0452,-1.5420,46.1407,-14.0459,36.6097,shake
2185024,1.4077,-0.0713,-1.6745,-10.2868,-19.2443,34.7165,shake
2185044,1.7556,-0.0964,-1.1831,-58.4166,6.0534,-11.0850,shake
2185064,1.3513,-0.1184,-0.5341,-87.5464,30.1373,-54.7186,shake
2185084,0.7280,-0.0925,0.3875,-95.3174,20.6946,-60.7949,shake
2185104,0.4226,0.0759,1.5376,-63.9509,-3.7253,-25.4590,shake
2185124,0.6745,0.1130,2.0022,5.2246,18.2518,7.8692,shake
2185144,0.7668,0.1262,1.3470,65.4155,35.2900,19.2891,shake
2185164,0.7209,0.0894,0.5516,97.0949,30.4122,33.6326,shake
2185184,0.8906,0.0457,-0.3745,100.0338,13.1221,52.5715,shake
2185204,1.2717,-0.1042,-1.1838,75.9269,-3.3436,56.4799,shake
2185224,1.6389,-0.1069,-1.9123,22.3468,-14.6107,46.4265,shake
2185244,1.9577,-0.0928,-1.7436,-59.7906,-14.9466,-6.3293,shake
2185264,1.5551,-0.0911,-0.8774,-98.9586,-14.3588,-60.1232,shake
2185284,1.1396,-0.0481,0.0140,-113.8441,2.0381,-76.3980,shake
2185304,0.6113,-0.0581,1.1807,-97.1189,12.1602,-64.4056,shake
2185324,0.2465,0.0569,1.9812,-32.1800,4.4732,-22.5277,shake
2185344,0.4045,0.1682,2.0298,48.2399,-34.9619,23.2891,shake
2185364,0.8305,0.1472,1.0274,92.5376,-0.1451,32.1975,shake
2185384,0.8325,0.1172,0.1590,93.7742,16.5648,31.3349,shake
2185404,0.9221,0.0483,-0.3759,80.2170,11.2747,29.6173,shake
2185424,1.0490,-0.0837,-0.9399,59.1559,-7.4810,26.7852,shake
2185444,1.3627,-0.0837,-1.9123,10.3620,-41.1146,22.1058,shake
2185464,1.3505,-0.0503,-1.2876,-33.7754,-16.1146,-1.1384,shake
2185484,1.2651,0.0127,-0.8564,-64.8593,-1.5344,-19.2377,shake
2185504,1.0727,-0.0583,-0.1433,-88.7448,18.7633,-32.3827,shake
2185524,0.7324,-0.0290,0.8499,-75.8746,6.6564,-24.7338,shake
2185544,0.6831,0.1965,1.4485,-31.2868,-28.0459,2.3196,shake
2185564,1.1994,0.1919,1.5113,13.7055,-6.2214,10.5410,shake
